billid,status,status_at
hjres69,REFERRED,2025-03-03
hjres71,REFERRED,2025-03-03
hjres67,REFERRED,2025-03-03
hjres68,REFERRED,2025-03-03
hjres70,REFERRED,2025-03-03
hjres66,REFERRED,2025-03-03
hr1790,REFERRED,2025-03-03
hr1791,REFERRED,2025-03-03
hr1781,REFERRED,2025-03-03
hr1806,REFERRED,2025-03-03
hr1774,REFERRED,2025-03-03
hr1792,REFERRED,2025-03-03
hr1812,REFERRED,2025-03-03
hr1801,REFERRED,2025-03-03
hr1804,REFERRED,2025-03-03
hr1817,REFERRED,2025-03-03
hr1795,REFERRED,2025-03-03
hr1805,REFERRED,2025-03-03
hr1779,REFERRED,2025-03-03
hr1776,REFERRED,2025-03-03
hr1794,REFERRED,2025-03-03
hr1787,REFERRED,2025-03-03
hr1793,REFERRED,2025-03-03
hr1772,REFERRED,2025-03-03
hr1771,REFERRED,2025-03-03
hr1766,REFERRED,2025-03-03
hr1785,REFERRED,2025-03-03
hr1802,REFERRED,2025-03-03
hr1782,REFERRED,2025-03-03
hr1783,REFERRED,2025-03-03
hr1768,REFERRED,2025-03-03
hr1788,REFERRED,2025-03-03
hr1807,REFERRED,2025-03-03
hr1809,REFERRED,2025-03-03
hr1818,REFERRED,2025-03-03
hr1814,REFERRED,2025-03-03
hr1798,REFERRED,2025-03-03
hr1780,REFERRED,2025-03-03
hr1775,REFERRED,2025-03-03
hr1764,REFERRED,2025-03-03
hr1811,REFERRED,2025-03-03
hr1786,REFERRED,2025-03-03
hr1789,REFERRED,2025-03-03
hr1815,REFERRED,2025-03-03
hr1819,REFERRED,2025-03-03
hr1784,REFERRED,2025-03-03
hr1808,REFERRED,2025-03-03
hr1803,REFERRED,2025-03-03
hr1813,REFERRED,2025-03-03
hr1799,REFERRED,2025-03-03
hr1800,REFERRED,2025-03-03
hr1810,REFERRED,2025-03-03
hr1796,REFERRED,2025-03-03
hr1769,REFERRED,2025-03-03
hr1777,REFERRED,2025-03-03
hr1770,REFERRED,2025-03-03
hr1778,REFERRED,2025-03-03
hr1816,REFERRED,2025-03-03
hr1773,REFERRED,2025-03-03
hr1765,REFERRED,2025-03-03
hr1767,REFERRED,2025-03-03
hr1797,REFERRED,2025-03-03
hres184,REFERRED,2025-03-03
hres182,REFERRED,2025-03-03
hres179,REFERRED,2025-03-03
hres180,REFERRED,2025-03-03
hres181,REFERRED,2025-03-03
hres178,REFERRED,2025-03-03
hres183,REFERRED,2025-03-03
s766,REFERRED,2025-02-27
s801,REFERRED,2025-02-27
s798,REFERRED,2025-02-27
s802,REFERRED,2025-02-27
s803,REFERRED,2025-02-27
s780,REFERRED,2025-02-27
s796,REFERRED,2025-02-27
s770,REFERRED,2025-02-27
s762,REFERRED,2025-02-27
s783,REFERRED,2025-02-27
s771,REFERRED,2025-02-27
s777,REFERRED,2025-02-27
s769,REFERRED,2025-02-27
s778,REFERRED,2025-02-27
s779,REFERRED,2025-02-27
s800,REFERRED,2025-02-27
s787,REFERRED,2025-02-27
s764,REFERRED,2025-02-27
s808,REFERRED,2025-02-27
s811,REFERRED,2025-02-27
s773,REFERRED,2025-02-27
s810,REFERRED,2025-02-27
s767,REFERRED,2025-02-27
s793,REFERRED,2025-02-27
s772,REFERRED,2025-02-27
s789,REFERRED,2025-02-27
s804,REFERRED,2025-02-27
s795,REFERRED,2025-02-27
s809,REFERRED,2025-02-27
s765,REFERRED,2025-02-27
s785,REFERRED,2025-02-27
s807,REFERRED,2025-02-27
s775,REFERRED,2025-02-27
s774,REFERRED,2025-02-27
s782,REFERRED,2025-02-27
s763,REFERRED,2025-02-27
s806,REFERRED,2025-02-27
s788,REFERRED,2025-02-27
s786,REFERRED,2025-02-27
s792,REFERRED,2025-02-27
s768,REFERRED,2025-02-27
s794,REFERRED,2025-02-27
s791,REFERRED,2025-02-27
s797,REFERRED,2025-02-27
s781,REFERRED,2025-02-27
s805,REFERRED,2025-02-27
s776,REFERRED,2025-02-27
s784,REFERRED,2025-02-27
s799,REFERRED,2025-02-27
s790,REFERRED,2025-02-27
sjres28,REFERRED,2025-02-27
hjres64,REFERRED,2025-02-27
hjres65,REFERRED,2025-02-27
hjres63,REFERRED,2025-02-27
sres102,REFERRED,2025-02-27
sres103,REFERRED,2025-02-27
sres101,REFERRED,2025-02-27
hconres16,REFERRED,2025-02-27
hr1725,REFERRED,2025-02-27
hr1743,REFERRED,2025-02-27
hr1739,REFERRED,2025-02-27
hr1691,REFERRED,2025-02-27
hr1758,REFERRED,2025-02-27
hr1724,REFERRED,2025-02-27
hr1680,REFERRED,2025-02-27
hr1656,REFERRED,2025-02-27
hr1661,REFERRED,2025-02-27
hr1686,REFERRED,2025-02-27
hr1653,REFERRED,2025-02-27
hr1745,REFERRED,2025-02-27
hr1762,REFERRED,2025-02-27
hr1679,REFERRED,2025-02-27
hr1698,REFERRED,2025-02-27
hr1721,REFERRED,2025-02-27
hr1662,REFERRED,2025-02-27
hr1671,REFERRED,2025-02-27
hr1711,REFERRED,2025-02-27
hr1716,REFERRED,2025-02-27
hr1730,REFERRED,2025-02-27
hr1712,REFERRED,2025-02-27
hr1722,REFERRED,2025-02-27
hr1676,REFERRED,2025-02-27
hr1717,REFERRED,2025-02-27
hr1677,REFERRED,2025-02-27
hr1649,REFERRED,2025-02-27
hr1695,REFERRED,2025-02-27
hr1647,REFERRED,2025-02-27
hr1741,REFERRED,2025-02-27
hr1715,REFERRED,2025-02-27
hr1663,REFERRED,2025-02-27
hr1674,REFERRED,2025-02-27
hr1652,REFERRED,2025-02-27
hr1645,REFERRED,2025-02-27
hr1744,REFERRED,2025-02-27
hr1736,REFERRED,2025-02-27
hr1718,REFERRED,2025-02-27
hr1733,REFERRED,2025-02-27
hr1751,REFERRED,2025-02-27
hr1693,REFERRED,2025-02-27
hr1689,REFERRED,2025-02-27
hr1756,REFERRED,2025-02-27
hr1687,REFERRED,2025-02-27
hr1694,REFERRED,2025-02-27
hr1672,REFERRED,2025-02-27
hr1710,REFERRED,2025-02-27
hr1759,REFERRED,2025-02-27
hr1669,REFERRED,2025-02-27
hr1728,REFERRED,2025-02-27
hr1709,REFERRED,2025-02-27
hr1734,REFERRED,2025-02-27
hr1678,REFERRED,2025-02-27
hr1646,REFERRED,2025-02-27
hr1667,REFERRED,2025-02-27
hr1664,REFERRED,2025-02-27
hr1660,REFERRED,2025-02-27
hr1700,REFERRED,2025-02-27
hr1704,REFERRED,2025-02-27
hr1688,REFERRED,2025-02-27
hr1696,REFERRED,2025-02-27
hr1720,REFERRED,2025-02-27
hr1658,REFERRED,2025-02-27
hr1668,REFERRED,2025-02-27
hr1749,REFERRED,2025-02-27
hr1735,REFERRED,2025-02-27
hr1692,REFERRED,2025-02-27
hr1713,REFERRED,2025-02-27
hr1748,REFERRED,2025-02-27
hr1737,REFERRED,2025-02-27
hr1670,REFERRED,2025-02-27
hr1683,REFERRED,2025-02-27
hr1763,REFERRED,2025-02-27
hr1729,REFERRED,2025-02-27
hr1673,REFERRED,2025-02-27
hr1659,REFERRED,2025-02-27
hr1684,REFERRED,2025-02-27
hr1706,REFERRED,2025-02-27
hr1726,REFERRED,2025-02-27
hr1747,REFERRED,2025-02-27
hr1750,REFERRED,2025-02-27
hr1665,REFERRED,2025-02-27
hr1702,REFERRED,2025-02-27
hr1752,REFERRED,2025-02-27
hr1650,REFERRED,2025-02-27
hr1754,REFERRED,2025-02-27
hr1740,REFERRED,2025-02-27
hr1699,REFERRED,2025-02-27
hr1719,REFERRED,2025-02-27
hr1697,REFERRED,2025-02-27
hr1761,REFERRED,2025-02-27
hr1757,REFERRED,2025-02-27
hr1746,REFERRED,2025-02-27
hr1705,REFERRED,2025-02-27
hr1690,REFERRED,2025-02-27
hr1727,REFERRED,2025-02-27
hr1685,REFERRED,2025-02-27
hr1643,REFERRED,2025-02-27
hr1753,REFERRED,2025-02-27
hr1651,REFERRED,2025-02-27
hr1681,REFERRED,2025-02-27
hr1654,REFERRED,2025-02-27
hr1731,REFERRED,2025-02-27
hr1714,REFERRED,2025-02-27
hr1655,REFERRED,2025-02-27
hr1707,REFERRED,2025-02-27
hr1648,REFERRED,2025-02-27
hr1644,REFERRED,2025-02-27
hr1703,REFERRED,2025-02-27
hr1675,REFERRED,2025-02-27
hr1755,REFERRED,2025-02-27
hr1666,REFERRED,2025-02-27
hr1732,REFERRED,2025-02-27
hr1657,REFERRED,2025-02-27
hr1701,REFERRED,2025-02-27
hr1708,REFERRED,2025-02-27
hr1742,REFERRED,2025-02-27
hr1738,REFERRED,2025-02-27
hr1723,REFERRED,2025-02-27
hr1682,REFERRED,2025-02-27
hr1760,REFERRED,2025-02-27
hres168,REFERRED,2025-02-27
hres170,REFERRED,2025-02-27
hres173,REFERRED,2025-02-27
hres169,REFERRED,2025-02-27
hres172,REFERRED,2025-02-27
hres171,REFERRED,2025-02-27
hres176,REFERRED,2025-02-27
hres175,REFERRED,2025-02-27
hres174,REFERRED,2025-02-27
s756,REFERRED,2025-02-26
s746,REFERRED,2025-02-26
s739,REFERRED,2025-02-26
s747,REFERRED,2025-02-26
s738,REFERRED,2025-02-26
s755,REFERRED,2025-02-26
s754,REFERRED,2025-02-26
s745,REFERRED,2025-02-26
s751,REFERRED,2025-02-26
s744,REFERRED,2025-02-26
s740,REFERRED,2025-02-26
s759,REFERRED,2025-02-26
s743,REFERRED,2025-02-26
s761,REFERRED,2025-02-26
s752,REFERRED,2025-02-26
s749,REFERRED,2025-02-26
s736,REFERRED,2025-02-26
s758,REFERRED,2025-02-26
s742,REFERRED,2025-02-26
s737,REFERRED,2025-02-26
s748,REFERRED,2025-02-26
s741,REFERRED,2025-02-26
s750,REFERRED,2025-02-26
s757,REFERRED,2025-02-26
s760,REFERRED,2025-02-26
s753,REFERRED,2025-02-26
s735,REFERRED,2025-02-26
hjres62,REFERRED,2025-02-26
sres98,REFERRED,2025-02-26
sres100,REFERRED,2025-02-26
hr1615,REFERRED,2025-02-26
hr1593,REFERRED,2025-02-26
hr1638,REFERRED,2025-02-26
hr1599,REFERRED,2025-02-26
hr1616,REFERRED,2025-02-26
hr1610,REFERRED,2025-02-26
hr1604,REFERRED,2025-02-26
hr1629,REFERRED,2025-02-26
hr1596,REFERRED,2025-02-26
hr1603,REFERRED,2025-02-26
hr1642,REFERRED,2025-02-26
hr1589,REFERRED,2025-02-26
hr1621,REFERRED,2025-02-26
hr1606,REFERRED,2025-02-26
hr1635,REFERRED,2025-02-26
hr1631,REFERRED,2025-02-26
hr1626,REFERRED,2025-02-26
hr1636,REFERRED,2025-02-26
hr1592,REFERRED,2025-02-26
hr1609,REFERRED,2025-02-26
hr1608,REFERRED,2025-02-26
hr1632,REFERRED,2025-02-26
hr1591,REFERRED,2025-02-26
hr1622,REFERRED,2025-02-26
hr1605,REFERRED,2025-02-26
hr1623,REFERRED,2025-02-26
hr1613,REFERRED,2025-02-26
hr1598,REFERRED,2025-02-26
hr1619,REFERRED,2025-02-26
hr1630,REFERRED,2025-02-26
hr1633,REFERRED,2025-02-26
hr1607,REFERRED,2025-02-26
hr1634,REFERRED,2025-02-26
hr1594,REFERRED,2025-02-26
hr1641,REFERRED,2025-02-26
hr1618,REFERRED,2025-02-26
hr1637,REFERRED,2025-02-26
hr1588,REFERRED,2025-02-26
hr1627,REFERRED,2025-02-26
hr1640,REFERRED,2025-02-26
hr1602,REFERRED,2025-02-26
hr1612,REFERRED,2025-02-26
hr1614,REFERRED,2025-02-26
hr1625,REFERRED,2025-02-26
hr1597,REFERRED,2025-02-26
hr1600,REFERRED,2025-02-26
hr1624,REFERRED,2025-02-26
hr1639,REFERRED,2025-02-26
hr1628,REFERRED,2025-02-26
hr1601,REFERRED,2025-02-26
hr1620,REFERRED,2025-02-26
hr1595,REFERRED,2025-02-26
hr1611,REFERRED,2025-02-26
hr1617,REFERRED,2025-02-26
hr1590,REFERRED,2025-02-26
hres166,REFERRED,2025-02-26
hres167,REFERRED,2025-02-26
s703,REFERRED,2025-02-25
s714,REFERRED,2025-02-25
s731,REFERRED,2025-02-25
s722,REFERRED,2025-02-25
s705,REFERRED,2025-02-25
s712,REFERRED,2025-02-25
s726,REFERRED,2025-02-25
s701,REFERRED,2025-02-25
s727,REFERRED,2025-02-25
s707,REFERRED,2025-02-25
s733,REFERRED,2025-02-25
s709,REFERRED,2025-02-25
s713,REFERRED,2025-02-25
s729,REFERRED,2025-02-25
s715,REFERRED,2025-02-25
s710,REFERRED,2025-02-25
s721,REFERRED,2025-02-25
s700,REFERRED,2025-02-25
s718,REFERRED,2025-02-25
s728,REFERRED,2025-02-25
s730,REFERRED,2025-02-25
s723,REFERRED,2025-02-25
s708,REFERRED,2025-02-25
s711,REFERRED,2025-02-25
s732,REFERRED,2025-02-25
s719,REFERRED,2025-02-25
s704,REFERRED,2025-02-25
s706,REFERRED,2025-02-25
s720,REFERRED,2025-02-25
s724,REFERRED,2025-02-25
s734,REFERRED,2025-02-25
s716,REFERRED,2025-02-25
s717,REFERRED,2025-02-25
s725,REFERRED,2025-02-25
s702,REFERRED,2025-02-25
sjres27,REFERRED,2025-02-25
sjres25,REFERRED,2025-02-25
sjres24,REFERRED,2025-02-25
sjres26,REFERRED,2025-02-25
hjres61,REFERRED,2025-02-25
sres93,REFERRED,2025-02-25
sres95,REFERRED,2025-02-25
hr1580,REFERRED,2025-02-25
hr1570,REFERRED,2025-02-25
hr1568,REFERRED,2025-02-25
hr1564,REFERRED,2025-02-25
hr1578,REFERRED,2025-02-25
hr1574,REFERRED,2025-02-25
hr1575,REFERRED,2025-02-25
hr1555,REFERRED,2025-02-25
hr1559,REFERRED,2025-02-25
hr1579,REFERRED,2025-02-25
hr1556,REFERRED,2025-02-25
hr1563,REFERRED,2025-02-25
hr1582,REFERRED,2025-02-25
hr1552,REFERRED,2025-02-25
hr1587,REFERRED,2025-02-25
hr1550,REFERRED,2025-02-25
hr1557,REFERRED,2025-02-25
hr1551,REFERRED,2025-02-25
hr1562,REFERRED,2025-02-25
hr1586,REFERRED,2025-02-25
hr1567,REFERRED,2025-02-25
hr1560,REFERRED,2025-02-25
hr1583,REFERRED,2025-02-25
hr1554,REFERRED,2025-02-25
hr1571,REFERRED,2025-02-25
hr1585,REFERRED,2025-02-25
hr1576,REFERRED,2025-02-25
hr1573,REFERRED,2025-02-25
hr1566,REFERRED,2025-02-25
hr1553,REFERRED,2025-02-25
hr1572,REFERRED,2025-02-25
hr1561,REFERRED,2025-02-25
hr1584,REFERRED,2025-02-25
hr1581,REFERRED,2025-02-25
hr1565,REFERRED,2025-02-25
hr1577,REFERRED,2025-02-25
hr1558,REFERRED,2025-02-25
hr1569,REFERRED,2025-02-25
hres164,REFERRED,2025-02-25
hres165,REFERRED,2025-02-25
hres163,REFERRED,2025-02-25
s686,REFERRED,2025-02-24
s697,REFERRED,2025-02-24
s698,REFERRED,2025-02-24
s696,REFERRED,2025-02-24
s690,REFERRED,2025-02-24
s692,REFERRED,2025-02-24
s699,REFERRED,2025-02-24
s691,REFERRED,2025-02-24
s687,REFERRED,2025-02-24
s693,REFERRED,2025-02-24
s683,REFERRED,2025-02-24
s694,REFERRED,2025-02-24
s695,REFERRED,2025-02-24
s684,REFERRED,2025-02-24
s689,REFERRED,2025-02-24
s685,REFERRED,2025-02-24
s688,REFERRED,2025-02-24
sres91,REFERRED,2025-02-24
hconres15,REFERRED,2025-02-24
hr1528,REFERRED,2025-02-24
hr1521,REFERRED,2025-02-24
hr1532,REFERRED,2025-02-24
hr1529,REFERRED,2025-02-24
hr1525,REFERRED,2025-02-24
hr1539,REFERRED,2025-02-24
hr1536,REFERRED,2025-02-24
hr1526,REFERRED,2025-02-24
hr1535,REFERRED,2025-02-24
hr1542,REFERRED,2025-02-24
hr1522,REFERRED,2025-02-24
hr1543,REFERRED,2025-02-24
hr1517,REFERRED,2025-02-24
hr1530,REFERRED,2025-02-24
hr1524,REFERRED,2025-02-24
hr1544,REFERRED,2025-02-24
hr1534,REFERRED,2025-02-24
hr1519,REFERRED,2025-02-24
hr1548,REFERRED,2025-02-24
hr1537,REFERRED,2025-02-24
hr1523,REFERRED,2025-02-24
hr1514,REFERRED,2025-02-24
hr1516,REFERRED,2025-02-24
hr1520,REFERRED,2025-02-24
hr1546,REFERRED,2025-02-24
hr1527,REFERRED,2025-02-24
hr1545,REFERRED,2025-02-24
hr1538,REFERRED,2025-02-24
hr1531,REFERRED,2025-02-24
hr1533,REFERRED,2025-02-24
hr1541,REFERRED,2025-02-24
hr1518,REFERRED,2025-02-24
hr1540,REFERRED,2025-02-24
hr1547,REFERRED,2025-02-24
hr1549,REFERRED,2025-02-24
hres158,REFERRED,2025-02-24
hres159,REFERRED,2025-02-24
hres156,REFERRED,2025-02-24
hres155,REFERRED,2025-02-24
hres152,REFERRED,2025-02-24
hres154,REFERRED,2025-02-24
hres160,REFERRED,2025-02-24
hres157,REFERRED,2025-02-24
hres153,REFERRED,2025-02-24
hjres60,REFERRED,2025-02-21
hr1513,REFERRED,2025-02-21
hr1474,REFERRED,2025-02-21
hr1454,REFERRED,2025-02-21
hr1471,REFERRED,2025-02-21
hr1479,REFERRED,2025-02-21
hr1488,REFERRED,2025-02-21
hr1477,REFERRED,2025-02-21
hr1469,REFERRED,2025-02-21
hr1485,REFERRED,2025-02-21
hr1466,REFERRED,2025-02-21
hr1486,REFERRED,2025-02-21
hr1490,REFERRED,2025-02-21
hr1459,REFERRED,2025-02-21
hr1487,REFERRED,2025-02-21
hr1463,REFERRED,2025-02-21
hr1482,REFERRED,2025-02-21
hr1496,REFERRED,2025-02-21
hr1501,REFERRED,2025-02-21
hr1484,REFERRED,2025-02-21
hr1502,REFERRED,2025-02-21
hr1495,REFERRED,2025-02-21
hr1458,REFERRED,2025-02-21
hr1472,REFERRED,2025-02-21
hr1473,REFERRED,2025-02-21
hr1511,REFERRED,2025-02-21
hr1467,REFERRED,2025-02-21
hr1468,REFERRED,2025-02-21
hr1460,REFERRED,2025-02-21
hr1497,REFERRED,2025-02-21
hr1508,REFERRED,2025-02-21
hr1451,REFERRED,2025-02-21
hr1510,REFERRED,2025-02-21
hr1447,REFERRED,2025-02-21
hr1507,REFERRED,2025-02-21
hr1503,REFERRED,2025-02-21
hr1450,REFERRED,2025-02-21
hr1476,REFERRED,2025-02-21
hr1465,REFERRED,2025-02-21
hr1453,REFERRED,2025-02-21
hr1461,REFERRED,2025-02-21
hr1464,REFERRED,2025-02-21
hr1512,REFERRED,2025-02-21
hr1504,REFERRED,2025-02-21
hr1509,REFERRED,2025-02-21
hr1505,REFERRED,2025-02-21
hr1478,REFERRED,2025-02-21
hr1470,REFERRED,2025-02-21
hr1494,REFERRED,2025-02-21
hr1500,REFERRED,2025-02-21
hr1462,REFERRED,2025-02-21
hr1452,REFERRED,2025-02-21
hr1499,REFERRED,2025-02-21
hr1481,REFERRED,2025-02-21
hr1493,REFERRED,2025-02-21
hr1492,REFERRED,2025-02-21
hr1480,REFERRED,2025-02-21
hr1449,REFERRED,2025-02-21
hr1506,REFERRED,2025-02-21
hr1498,REFERRED,2025-02-21
hr1456,REFERRED,2025-02-21
hr1455,REFERRED,2025-02-21
hr1457,REFERRED,2025-02-21
hr1475,REFERRED,2025-02-21
hr1448,REFERRED,2025-02-21
hr1446,REFERRED,2025-02-21
hr1489,REFERRED,2025-02-21
hr1483,REFERRED,2025-02-21
hres147,REFERRED,2025-02-21
hres145,REFERRED,2025-02-21
hres146,REFERRED,2025-02-21
hres149,REFERRED,2025-02-21
hres151,REFERRED,2025-02-21
hres148,REFERRED,2025-02-21
hres150,REFERRED,2025-02-21
hres144,REFERRED,2025-02-21
s649,REFERRED,2025-02-20
s652,REFERRED,2025-02-20
s665,REFERRED,2025-02-20
s651,REFERRED,2025-02-20
s664,REFERRED,2025-02-20
s678,REFERRED,2025-02-20
s672,REFERRED,2025-02-20
s657,REFERRED,2025-02-20
s682,REFERRED,2025-02-20
s660,REFERRED,2025-02-20
s650,REFERRED,2025-02-20
s662,REFERRED,2025-02-20
s677,REFERRED,2025-02-20
s679,REFERRED,2025-02-20
s674,REFERRED,2025-02-20
s673,REFERRED,2025-02-20
s655,REFERRED,2025-02-20
s656,REFERRED,2025-02-20
s670,REFERRED,2025-02-20
s659,REFERRED,2025-02-20
s669,REFERRED,2025-02-20
s681,REFERRED,2025-02-20
s653,REFERRED,2025-02-20
s648,REFERRED,2025-02-20
s663,REFERRED,2025-02-20
s645,REFERRED,2025-02-20
s644,REFERRED,2025-02-20
s661,REFERRED,2025-02-20
s667,REFERRED,2025-02-20
s676,REFERRED,2025-02-20
s675,REFERRED,2025-02-20
s666,REFERRED,2025-02-20
s680,REFERRED,2025-02-20
s658,REFERRED,2025-02-20
s671,REFERRED,2025-02-20
s668,REFERRED,2025-02-20
s646,REFERRED,2025-02-20
s654,REFERRED,2025-02-20
s647,REFERRED,2025-02-20
s643,REFERRED,2025-02-20
sjres20,REFERRED,2025-02-20
sjres21,REFERRED,2025-02-20
sjres23,REFERRED,2025-02-20
sjres22,REFERRED,2025-02-20
sres86,REFERRED,2025-02-20
s637,REFERRED,2025-02-19
s629,REFERRED,2025-02-19
s630,REFERRED,2025-02-19
s627,REFERRED,2025-02-19
s628,REFERRED,2025-02-19
s634,REFERRED,2025-02-19
s639,REFERRED,2025-02-19
s631,REFERRED,2025-02-19
s640,REFERRED,2025-02-19
s636,REFERRED,2025-02-19
s626,REFERRED,2025-02-19
s635,REFERRED,2025-02-19
s632,REFERRED,2025-02-19
s642,REFERRED,2025-02-19
s638,REFERRED,2025-02-19
s633,REFERRED,2025-02-19
s641,REFERRED,2025-02-19
sres83,REFERRED,2025-02-19
s614,REFERRED,2025-02-18
s620,REFERRED,2025-02-18
s610,REFERRED,2025-02-18
s625,REFERRED,2025-02-18
s606,REFERRED,2025-02-18
s621,REFERRED,2025-02-18
s619,REFERRED,2025-02-18
s623,REFERRED,2025-02-18
s609,REFERRED,2025-02-18
s615,REFERRED,2025-02-18
s605,REFERRED,2025-02-18
s622,REFERRED,2025-02-18
s608,REFERRED,2025-02-18
s617,REFERRED,2025-02-18
s624,REFERRED,2025-02-18
s618,REFERRED,2025-02-18
s612,REFERRED,2025-02-18
s611,REFERRED,2025-02-18
s616,REFERRED,2025-02-18
s613,REFERRED,2025-02-18
s607,REFERRED,2025-02-18
hr1416,REFERRED,2025-02-18
hr1442,REFERRED,2025-02-18
hr1400,REFERRED,2025-02-18
hr1440,REFERRED,2025-02-18
hr1420,REFERRED,2025-02-18
hr1410,REFERRED,2025-02-18
hr1421,REFERRED,2025-02-18
hr1438,REFERRED,2025-02-18
hr1426,REFERRED,2025-02-18
hr1444,REFERRED,2025-02-18
hr1433,REFERRED,2025-02-18
hr1428,REFERRED,2025-02-18
hr1429,REFERRED,2025-02-18
hr1423,REFERRED,2025-02-18
hr1437,REFERRED,2025-02-18
hr1399,REFERRED,2025-02-18
hr1412,REFERRED,2025-02-18
hr1398,REFERRED,2025-02-18
hr1402,REFERRED,2025-02-18
hr1405,REFERRED,2025-02-18
hr1432,REFERRED,2025-02-18
hr1397,REFERRED,2025-02-18
hr1403,REFERRED,2025-02-18
hr1431,REFERRED,2025-02-18
hr1413,REFERRED,2025-02-18
hr1404,REFERRED,2025-02-18
hr1407,REFERRED,2025-02-18
hr1419,REFERRED,2025-02-18
hr1427,REFERRED,2025-02-18
hr1415,REFERRED,2025-02-18
hr1434,REFERRED,2025-02-18
hr1401,REFERRED,2025-02-18
hr1418,REFERRED,2025-02-18
hr1430,REFERRED,2025-02-18
hr1439,REFERRED,2025-02-18
hr1411,REFERRED,2025-02-18
hr1422,REFERRED,2025-02-18
hr1441,REFERRED,2025-02-18
hr1409,REFERRED,2025-02-18
hr1414,REFERRED,2025-02-18
hr1436,REFERRED,2025-02-18
hr1406,REFERRED,2025-02-18
hr1417,REFERRED,2025-02-18
hr1408,REFERRED,2025-02-18
hr1424,REFERRED,2025-02-18
hr1445,REFERRED,2025-02-18
hr1443,REFERRED,2025-02-18
hr1435,REFERRED,2025-02-18
hr1425,REFERRED,2025-02-18
hres143,REFERRED,2025-02-18
hres142,REFERRED,2025-02-18
hconres13,REFERRED,2025-02-14
hr1375,REFERRED,2025-02-14
hr1389,REFERRED,2025-02-14
hr1393,REFERRED,2025-02-14
hr1392,REFERRED,2025-02-14
hr1391,REFERRED,2025-02-14
hr1384,REFERRED,2025-02-14
hr1370,REFERRED,2025-02-14
hr1394,REFERRED,2025-02-14
hr1374,REFERRED,2025-02-14
hr1372,REFERRED,2025-02-14
hr1378,REFERRED,2025-02-14
hr1395,REFERRED,2025-02-14
hr1380,REFERRED,2025-02-14
hr1369,REFERRED,2025-02-14
hr1371,REFERRED,2025-02-14
hr1365,REFERRED,2025-02-14
hr1381,REFERRED,2025-02-14
hr1373,REFERRED,2025-02-14
hr1362,REFERRED,2025-02-14
hr1383,REFERRED,2025-02-14
hr1366,REFERRED,2025-02-14
hr1386,REFERRED,2025-02-14
hr1379,REFERRED,2025-02-14
hr1385,REFERRED,2025-02-14
hr1367,REFERRED,2025-02-14
hr1376,REFERRED,2025-02-14
hr1363,REFERRED,2025-02-14
hr1390,REFERRED,2025-02-14
hr1396,REFERRED,2025-02-14
hr1368,REFERRED,2025-02-14
hr1387,REFERRED,2025-02-14
hr1377,REFERRED,2025-02-14
hr1364,REFERRED,2025-02-14
hr1388,REFERRED,2025-02-14
hres139,REFERRED,2025-02-14
hres137,REFERRED,2025-02-14
hres138,REFERRED,2025-02-14
hres140,REFERRED,2025-02-14
hres141,REFERRED,2025-02-14
s581,REFERRED,2025-02-13
s582,REFERRED,2025-02-13
s601,REFERRED,2025-02-13
s579,REFERRED,2025-02-13
s596,REFERRED,2025-02-13
s578,REFERRED,2025-02-13
s561,REFERRED,2025-02-13
s584,REFERRED,2025-02-13
s603,REFERRED,2025-02-13
s588,REFERRED,2025-02-13
s604,REFERRED,2025-02-13
s566,REFERRED,2025-02-13
s593,REFERRED,2025-02-13
s564,REFERRED,2025-02-13
s594,REFERRED,2025-02-13
s591,REFERRED,2025-02-13
s602,REFERRED,2025-02-13
s590,REFERRED,2025-02-13
s583,REFERRED,2025-02-13
s595,REFERRED,2025-02-13
s571,REFERRED,2025-02-13
s575,REFERRED,2025-02-13
s574,REFERRED,2025-02-13
s572,REFERRED,2025-02-13
s569,REFERRED,2025-02-13
s570,REFERRED,2025-02-13
s560,REFERRED,2025-02-13
s576,REFERRED,2025-02-13
s580,REFERRED,2025-02-13
s562,REFERRED,2025-02-13
s567,REFERRED,2025-02-13
s586,REFERRED,2025-02-13
s559,REFERRED,2025-02-13
s558,REFERRED,2025-02-13
s565,REFERRED,2025-02-13
s577,REFERRED,2025-02-13
s568,REFERRED,2025-02-13
s589,REFERRED,2025-02-13
s563,REFERRED,2025-02-13
s599,REFERRED,2025-02-13
s585,REFERRED,2025-02-13
s598,REFERRED,2025-02-13
s592,REFERRED,2025-02-13
s597,REFERRED,2025-02-13
s587,REFERRED,2025-02-13
s573,REFERRED,2025-02-13
s600,REFERRED,2025-02-13
sjres19,REFERRED,2025-02-13
sjres18,REFERRED,2025-02-13
hjres59,REFERRED,2025-02-13
sres81,REFERRED,2025-02-13
hconres12,REFERRED,2025-02-13
hr1286,REFERRED,2025-02-13
hr1332,REFERRED,2025-02-13
hr1306,REFERRED,2025-02-13
hr1351,REFERRED,2025-02-13
hr1285,REFERRED,2025-02-13
hr1282,REFERRED,2025-02-13
hr1359,REFERRED,2025-02-13
hr1307,REFERRED,2025-02-13
hr1290,REFERRED,2025-02-13
hr1301,REFERRED,2025-02-13
hr1327,REFERRED,2025-02-13
hr1331,REFERRED,2025-02-13
hr1309,REFERRED,2025-02-13
hr1313,REFERRED,2025-02-13
hr1357,REFERRED,2025-02-13
hr1300,REFERRED,2025-02-13
hr1298,REFERRED,2025-02-13
hr1360,REFERRED,2025-02-13
hr1341,REFERRED,2025-02-13
hr1299,REFERRED,2025-02-13
hr1303,REFERRED,2025-02-13
hr1302,REFERRED,2025-02-13
hr1338,REFERRED,2025-02-13
hr1292,REFERRED,2025-02-13
hr1280,REFERRED,2025-02-13
hr1325,REFERRED,2025-02-13
hr1288,REFERRED,2025-02-13
hr1356,REFERRED,2025-02-13
hr1291,REFERRED,2025-02-13
hr1339,REFERRED,2025-02-13
hr1333,REFERRED,2025-02-13
hr1330,REFERRED,2025-02-13
hr1350,REFERRED,2025-02-13
hr1320,REFERRED,2025-02-13
hr1319,REFERRED,2025-02-13
hr1353,REFERRED,2025-02-13
hr1277,REFERRED,2025-02-13
hr1314,REFERRED,2025-02-13
hr1293,REFERRED,2025-02-13
hr1310,REFERRED,2025-02-13
hr1279,REFERRED,2025-02-13
hr1304,REFERRED,2025-02-13
hr1343,REFERRED,2025-02-13
hr1315,REFERRED,2025-02-13
hr1283,REFERRED,2025-02-13
hr1334,REFERRED,2025-02-13
hr1322,REFERRED,2025-02-13
hr1345,REFERRED,2025-02-13
hr1340,REFERRED,2025-02-13
hr1354,REFERRED,2025-02-13
hr1281,REFERRED,2025-02-13
hr1352,REFERRED,2025-02-13
hr1297,REFERRED,2025-02-13
hr1349,REFERRED,2025-02-13
hr1321,REFERRED,2025-02-13
hr1323,REFERRED,2025-02-13
hr1347,REFERRED,2025-02-13
hr1348,REFERRED,2025-02-13
hr1276,REFERRED,2025-02-13
hr1311,REFERRED,2025-02-13
hr1296,REFERRED,2025-02-13
hr1346,REFERRED,2025-02-13
hr1329,REFERRED,2025-02-13
hr1295,REFERRED,2025-02-13
hr1318,REFERRED,2025-02-13
hr1287,REFERRED,2025-02-13
hr1278,REFERRED,2025-02-13
hr1305,REFERRED,2025-02-13
hr1355,REFERRED,2025-02-13
hr1289,REFERRED,2025-02-13
hr1337,REFERRED,2025-02-13
hr1335,REFERRED,2025-02-13
hr1294,REFERRED,2025-02-13
hr1358,REFERRED,2025-02-13
hr1361,REFERRED,2025-02-13
hr1326,REFERRED,2025-02-13
hr1312,REFERRED,2025-02-13
hr1328,REFERRED,2025-02-13
hr1336,REFERRED,2025-02-13
hr1284,REFERRED,2025-02-13
hr1317,REFERRED,2025-02-13
hr1344,REFERRED,2025-02-13
hr1316,REFERRED,2025-02-13
hr1324,REFERRED,2025-02-13
hr1342,REFERRED,2025-02-13
hr1308,REFERRED,2025-02-13
hres135,REFERRED,2025-02-13
hres136,REFERRED,2025-02-13
hres130,REFERRED,2025-02-13
hres131,REFERRED,2025-02-13
hres133,REFERRED,2025-02-13
hres132,REFERRED,2025-02-13
hres134,REFERRED,2025-02-13
hres129,REFERRED,2025-02-13
s538,REFERRED,2025-02-12
s533,REFERRED,2025-02-12
s534,REFERRED,2025-02-12
s539,REFERRED,2025-02-12
s535,REFERRED,2025-02-12
s537,REFERRED,2025-02-12
s548,REFERRED,2025-02-12
s547,REFERRED,2025-02-12
s550,REFERRED,2025-02-12
s543,REFERRED,2025-02-12
s549,REFERRED,2025-02-12
s532,REFERRED,2025-02-12
s555,REFERRED,2025-02-12
s553,REFERRED,2025-02-12
s552,REFERRED,2025-02-12
s554,REFERRED,2025-02-12
s546,REFERRED,2025-02-12
s536,REFERRED,2025-02-12
s557,REFERRED,2025-02-12
s556,REFERRED,2025-02-12
s542,REFERRED,2025-02-12
s551,REFERRED,2025-02-12
s541,REFERRED,2025-02-12
s545,REFERRED,2025-02-12
s540,REFERRED,2025-02-12
s544,REFERRED,2025-02-12
hjres47,REFERRED,2025-02-12
hjres58,REFERRED,2025-02-12
hjres48,REFERRED,2025-02-12
hjres44,REFERRED,2025-02-12
hjres41,REFERRED,2025-02-12
hjres45,REFERRED,2025-02-12
hjres56,REFERRED,2025-02-12
hjres54,REFERRED,2025-02-12
hjres55,REFERRED,2025-02-12
hjres42,REFERRED,2025-02-12
hjres40,REFERRED,2025-02-12
hjres52,REFERRED,2025-02-12
hjres43,REFERRED,2025-02-12
hjres46,REFERRED,2025-02-12
hjres57,REFERRED,2025-02-12
hjres50,REFERRED,2025-02-12
hjres53,REFERRED,2025-02-12
hjres49,REFERRED,2025-02-12
hjres51,REFERRED,2025-02-12
sres75,REFERRED,2025-02-12
hr1258,REFERRED,2025-02-12
hr1235,REFERRED,2025-02-12
hr1244,REFERRED,2025-02-12
hr1246,REFERRED,2025-02-12
hr1256,REFERRED,2025-02-12
hr1228,REFERRED,2025-02-12
hr1236,REFERRED,2025-02-12
hr1239,REFERRED,2025-02-12
hr1249,REFERRED,2025-02-12
hr1257,REFERRED,2025-02-12
hr1260,REFERRED,2025-02-12
hr1253,REFERRED,2025-02-12
hr1243,REFERRED,2025-02-12
hr1264,REFERRED,2025-02-12
hr1247,REFERRED,2025-02-12
hr1231,REFERRED,2025-02-12
hr1273,REFERRED,2025-02-12
hr1237,REFERRED,2025-02-12
hr1274,REFERRED,2025-02-12
hr1259,REFERRED,2025-02-12
hr1232,REFERRED,2025-02-12
hr1242,REFERRED,2025-02-12
hr1225,REFERRED,2025-02-12
hr1223,REFERRED,2025-02-12
hr1267,REFERRED,2025-02-12
hr1269,REFERRED,2025-02-12
hr1238,REFERRED,2025-02-12
hr1250,REFERRED,2025-02-12
hr1261,REFERRED,2025-02-12
hr1266,REFERRED,2025-02-12
hr1263,REFERRED,2025-02-12
hr1255,REFERRED,2025-02-12
hr1248,REFERRED,2025-02-12
hr1230,REFERRED,2025-02-12
hr1229,REFERRED,2025-02-12
hr1245,REFERRED,2025-02-12
hr1254,REFERRED,2025-02-12
hr1251,REFERRED,2025-02-12
hr1226,REFERRED,2025-02-12
hr1275,REFERRED,2025-02-12
hr1265,REFERRED,2025-02-12
hr1272,REFERRED,2025-02-12
hr1234,REFERRED,2025-02-12
hr1240,REFERRED,2025-02-12
hr1270,REFERRED,2025-02-12
hr1241,REFERRED,2025-02-12
hr1252,REFERRED,2025-02-12
hr1227,REFERRED,2025-02-12
hr1262,REFERRED,2025-02-12
hr1271,REFERRED,2025-02-12
hr1224,REFERRED,2025-02-12
hr1233,REFERRED,2025-02-12
hr1268,REFERRED,2025-02-12
hres127,REFERRED,2025-02-12
hres128,REFERRED,2025-02-12
hres126,REFERRED,2025-02-12
s509,REFERRED,2025-02-11
s518,REFERRED,2025-02-11
s525,REFERRED,2025-02-11
s505,REFERRED,2025-02-11
s516,REFERRED,2025-02-11
s512,REFERRED,2025-02-11
s521,REFERRED,2025-02-11
s507,REFERRED,2025-02-11
s519,REFERRED,2025-02-11
s529,REFERRED,2025-02-11
s517,REFERRED,2025-02-11
s531,REFERRED,2025-02-11
s510,REFERRED,2025-02-11
s514,REFERRED,2025-02-11
s526,REFERRED,2025-02-11
s508,REFERRED,2025-02-11
s524,REFERRED,2025-02-11
s523,REFERRED,2025-02-11
s511,REFERRED,2025-02-11
s528,REFERRED,2025-02-11
s522,REFERRED,2025-02-11
s515,REFERRED,2025-02-11
s530,REFERRED,2025-02-11
s527,REFERRED,2025-02-11
s513,REFERRED,2025-02-11
s506,REFERRED,2025-02-11
s520,REFERRED,2025-02-11
hjres39,REFERRED,2025-02-11
sres72,REFERRED,2025-02-11
hr1216,REFERRED,2025-02-11
hr1192,REFERRED,2025-02-11
hr1210,REFERRED,2025-02-11
hr1203,REFERRED,2025-02-11
hr1221,REFERRED,2025-02-11
hr1206,REFERRED,2025-02-11
hr1201,REFERRED,2025-02-11
hr1220,REFERRED,2025-02-11
hr1208,REFERRED,2025-02-11
hr1213,REFERRED,2025-02-11
hr1214,REFERRED,2025-02-11
hr1184,REFERRED,2025-02-11
hr1222,REFERRED,2025-02-11
hr1205,REFERRED,2025-02-11
hr1218,REFERRED,2025-02-11
hr1211,REFERRED,2025-02-11
hr1209,REFERRED,2025-02-11
hr1195,REFERRED,2025-02-11
hr1194,REFERRED,2025-02-11
hr1189,REFERRED,2025-02-11
hr1199,REFERRED,2025-02-11
hr1187,REFERRED,2025-02-11
hr1180,REFERRED,2025-02-11
hr1197,REFERRED,2025-02-11
hr1215,REFERRED,2025-02-11
hr1204,REFERRED,2025-02-11
hr1217,REFERRED,2025-02-11
hr1200,REFERRED,2025-02-11
hr1219,REFERRED,2025-02-11
hr1186,REFERRED,2025-02-11
hr1188,REFERRED,2025-02-11
hr1190,REFERRED,2025-02-11
hr1181,REFERRED,2025-02-11
hr1185,REFERRED,2025-02-11
hr1202,REFERRED,2025-02-11
hr1183,REFERRED,2025-02-11
hr1212,REFERRED,2025-02-11
hr1196,REFERRED,2025-02-11
hr1191,REFERRED,2025-02-11
hr1198,REFERRED,2025-02-11
hr1207,REFERRED,2025-02-11
hr1193,REFERRED,2025-02-11
s501,REFERRED,2025-02-10
s495,REFERRED,2025-02-10
s502,REFERRED,2025-02-10
s492,REFERRED,2025-02-10
s496,REFERRED,2025-02-10
s497,REFERRED,2025-02-10
s503,REFERRED,2025-02-10
s493,REFERRED,2025-02-10
s500,REFERRED,2025-02-10
s494,REFERRED,2025-02-10
s499,REFERRED,2025-02-10
s504,REFERRED,2025-02-10
s498,REFERRED,2025-02-10
sres68,REFERRED,2025-02-10
hconres10,REFERRED,2025-02-10
hr1171,REFERRED,2025-02-10
hr1159,REFERRED,2025-02-10
hr1179,REFERRED,2025-02-10
hr1176,REFERRED,2025-02-10
hr1154,REFERRED,2025-02-10
hr1177,REFERRED,2025-02-10
hr1164,REFERRED,2025-02-10
hr1165,REFERRED,2025-02-10
hr1153,REFERRED,2025-02-10
hr1170,REFERRED,2025-02-10
hr1161,REFERRED,2025-02-10
hr1172,REFERRED,2025-02-10
hr1160,REFERRED,2025-02-10
hr1169,REFERRED,2025-02-10
hr1173,REFERRED,2025-02-10
hr1175,REFERRED,2025-02-10
hr1178,REFERRED,2025-02-10
hr1157,REFERRED,2025-02-10
hr1158,REFERRED,2025-02-10
hr1162,REFERRED,2025-02-10
hr1167,REFERRED,2025-02-10
hr1163,REFERRED,2025-02-10
hr1168,REFERRED,2025-02-10
hr1166,REFERRED,2025-02-10
hr1174,REFERRED,2025-02-10
hres124,REFERRED,2025-02-10
hres123,REFERRED,2025-02-10
hjres38,REFERRED,2025-02-07
hr1131,REFERRED,2025-02-07
hr1134,REFERRED,2025-02-07
hr1114,REFERRED,2025-02-07
hr1141,REFERRED,2025-02-07
hr1126,REFERRED,2025-02-07
hr1147,REFERRED,2025-02-07
hr1121,REFERRED,2025-02-07
hr1144,REFERRED,2025-02-07
hr1133,REFERRED,2025-02-07
hr1115,REFERRED,2025-02-07
hr1116,REFERRED,2025-02-07
hr1109,REFERRED,2025-02-07
hr1108,REFERRED,2025-02-07
hr1143,REFERRED,2025-02-07
hr1120,REFERRED,2025-02-07
hr1119,REFERRED,2025-02-07
hr1125,REFERRED,2025-02-07
hr1150,REFERRED,2025-02-07
hr1136,REFERRED,2025-02-07
hr1118,REFERRED,2025-02-07
hr1132,REFERRED,2025-02-07
hr1123,REFERRED,2025-02-07
hr1128,REFERRED,2025-02-07
hr1130,REFERRED,2025-02-07
hr1140,REFERRED,2025-02-07
hr1122,REFERRED,2025-02-07
hr1142,REFERRED,2025-02-07
hr1149,REFERRED,2025-02-07
hr1124,REFERRED,2025-02-07
hr1112,REFERRED,2025-02-07
hr1138,REFERRED,2025-02-07
hr1146,REFERRED,2025-02-07
hr1137,REFERRED,2025-02-07
hr1139,REFERRED,2025-02-07
hr1117,REFERRED,2025-02-07
hr1127,REFERRED,2025-02-07
hr1151,REFERRED,2025-02-07
hr1135,REFERRED,2025-02-07
hr1148,REFERRED,2025-02-07
hr1145,REFERRED,2025-02-07
hr1111,REFERRED,2025-02-07
hr1129,REFERRED,2025-02-07
hr1113,REFERRED,2025-02-07
hres121,REFERRED,2025-02-07
s452,REFERRED,2025-02-06
s445,REFERRED,2025-02-06
s461,REFERRED,2025-02-06
s450,REFERRED,2025-02-06
s464,REFERRED,2025-02-06
s448,REFERRED,2025-02-06
s478,REFERRED,2025-02-06
s451,REFERRED,2025-02-06
s456,REFERRED,2025-02-06
s442,REFERRED,2025-02-06
s441,REFERRED,2025-02-06
s460,REFERRED,2025-02-06
s462,REFERRED,2025-02-06
s477,REFERRED,2025-02-06
s488,REFERRED,2025-02-06
s444,REFERRED,2025-02-06
s473,REFERRED,2025-02-06
s486,REFERRED,2025-02-06
s472,REFERRED,2025-02-06
s453,REFERRED,2025-02-06
s439,REFERRED,2025-02-06
s490,REFERRED,2025-02-06
s474,REFERRED,2025-02-06
s489,REFERRED,2025-02-06
s466,REFERRED,2025-02-06
s485,REFERRED,2025-02-06
s482,REFERRED,2025-02-06
s463,REFERRED,2025-02-06
s455,REFERRED,2025-02-06
s469,REFERRED,2025-02-06
s480,REFERRED,2025-02-06
s440,REFERRED,2025-02-06
s447,REFERRED,2025-02-06
s459,REFERRED,2025-02-06
s454,REFERRED,2025-02-06
s449,REFERRED,2025-02-06
s458,REFERRED,2025-02-06
s481,REFERRED,2025-02-06
s491,REFERRED,2025-02-06
s476,REFERRED,2025-02-06
s479,REFERRED,2025-02-06
s465,REFERRED,2025-02-06
s467,REFERRED,2025-02-06
s446,REFERRED,2025-02-06
s483,REFERRED,2025-02-06
s475,REFERRED,2025-02-06
s470,REFERRED,2025-02-06
s468,REFERRED,2025-02-06
s471,REFERRED,2025-02-06
s457,REFERRED,2025-02-06
s484,REFERRED,2025-02-06
s487,REFERRED,2025-02-06
s443,REFERRED,2025-02-06
sjres16,REFERRED,2025-02-06
sjres17,REFERRED,2025-02-06
hjres37,REFERRED,2025-02-06
sres67,REFERRED,2025-02-06
hconres9,REFERRED,2025-02-06
hconres8,REFERRED,2025-02-06
hr1041,REFERRED,2025-02-06
hr1089,REFERRED,2025-02-06
hr1096,REFERRED,2025-02-06
hr1086,REFERRED,2025-02-06
hr1059,REFERRED,2025-02-06
hr1042,REFERRED,2025-02-06
hr1043,REFERRED,2025-02-06
hr1057,REFERRED,2025-02-06
hr1062,REFERRED,2025-02-06
hr1105,REFERRED,2025-02-06
hr1061,REFERRED,2025-02-06
hr1085,REFERRED,2025-02-06
hr1092,REFERRED,2025-02-06
hr1078,REFERRED,2025-02-06
hr1077,REFERRED,2025-02-06
hr1047,REFERRED,2025-02-06
hr1090,REFERRED,2025-02-06
hr1055,REFERRED,2025-02-06
hr1051,REFERRED,2025-02-06
hr1076,REFERRED,2025-02-06
hr1067,REFERRED,2025-02-06
hr1080,REFERRED,2025-02-06
hr1104,REFERRED,2025-02-06
hr1102,REFERRED,2025-02-06
hr1103,REFERRED,2025-02-06
hr1050,REFERRED,2025-02-06
hr1039,REFERRED,2025-02-06
hr1066,REFERRED,2025-02-06
hr1098,REFERRED,2025-02-06
hr1058,REFERRED,2025-02-06
hr1068,REFERRED,2025-02-06
hr1100,REFERRED,2025-02-06
hr1073,REFERRED,2025-02-06
hr1093,REFERRED,2025-02-06
hr1099,REFERRED,2025-02-06
hr1054,REFERRED,2025-02-06
hr1079,REFERRED,2025-02-06
hr1097,REFERRED,2025-02-06
hr1046,REFERRED,2025-02-06
hr1091,REFERRED,2025-02-06
hr1081,REFERRED,2025-02-06
hr1056,REFERRED,2025-02-06
hr1082,REFERRED,2025-02-06
hr1040,REFERRED,2025-02-06
hr1065,REFERRED,2025-02-06
hr1083,REFERRED,2025-02-06
hr1074,REFERRED,2025-02-06
hr1088,REFERRED,2025-02-06
hr1084,REFERRED,2025-02-06
hr1106,REFERRED,2025-02-06
hr1075,REFERRED,2025-02-06
hr1064,REFERRED,2025-02-06
hr1101,REFERRED,2025-02-06
hr1095,REFERRED,2025-02-06
hr1070,REFERRED,2025-02-06
hr1045,REFERRED,2025-02-06
hr1052,REFERRED,2025-02-06
hr1072,REFERRED,2025-02-06
hr1063,REFERRED,2025-02-06
hr1087,REFERRED,2025-02-06
hr1053,REFERRED,2025-02-06
hr1107,REFERRED,2025-02-06
hr1060,REFERRED,2025-02-06
hr1094,REFERRED,2025-02-06
hres119,REFERRED,2025-02-06
hres120,REFERRED,2025-02-06
hres118,REFERRED,2025-02-06
s416,REFERRED,2025-02-05
s424,REFERRED,2025-02-05
s404,REFERRED,2025-02-05
s426,REFERRED,2025-02-05
s432,REFERRED,2025-02-05
s403,REFERRED,2025-02-05
s428,REFERRED,2025-02-05
s421,REFERRED,2025-02-05
s438,REFERRED,2025-02-05
s422,REFERRED,2025-02-05
s434,REFERRED,2025-02-05
s423,REFERRED,2025-02-05
s420,REFERRED,2025-02-05
s430,REFERRED,2025-02-05
s409,REFERRED,2025-02-05
s427,REFERRED,2025-02-05
s429,REFERRED,2025-02-05
s410,REFERRED,2025-02-05
s436,REFERRED,2025-02-05
s405,REFERRED,2025-02-05
s425,REFERRED,2025-02-05
s417,REFERRED,2025-02-05
s413,REFERRED,2025-02-05
s437,REFERRED,2025-02-05
s406,REFERRED,2025-02-05
s431,REFERRED,2025-02-05
s415,REFERRED,2025-02-05
s433,REFERRED,2025-02-05
s414,REFERRED,2025-02-05
s412,REFERRED,2025-02-05
s418,REFERRED,2025-02-05
s419,REFERRED,2025-02-05
s435,REFERRED,2025-02-05
s411,REFERRED,2025-02-05
s402,REFERRED,2025-02-05
s408,REFERRED,2025-02-05
s407,REFERRED,2025-02-05
sjres14,REFERRED,2025-02-05
sjres15,REFERRED,2025-02-05
hjres36,REFERRED,2025-02-05
sres61,REFERRED,2025-02-05
hr995,REFERRED,2025-02-05
hr992,REFERRED,2025-02-05
hr1028,REFERRED,2025-02-05
hr978,REFERRED,2025-02-05
hr979,REFERRED,2025-02-05
hr1013,REFERRED,2025-02-05
hr1024,REFERRED,2025-02-05
hr983,REFERRED,2025-02-05
hr1014,REFERRED,2025-02-05
hr1031,REFERRED,2025-02-05
hr1036,REFERRED,2025-02-05
hr977,REFERRED,2025-02-05
hr988,REFERRED,2025-02-05
hr984,REFERRED,2025-02-05
hr1009,REFERRED,2025-02-05
hr1029,REFERRED,2025-02-05
hr1030,REFERRED,2025-02-05
hr1038,REFERRED,2025-02-05
hr1012,REFERRED,2025-02-05
hr1037,REFERRED,2025-02-05
hr1034,REFERRED,2025-02-05
hr1035,REFERRED,2025-02-05
hr981,REFERRED,2025-02-05
hr1015,REFERRED,2025-02-05
hr985,REFERRED,2025-02-05
hr993,REFERRED,2025-02-05
hr1019,REFERRED,2025-02-05
hr1008,REFERRED,2025-02-05
hr994,REFERRED,2025-02-05
hr1018,REFERRED,2025-02-05
hr1016,REFERRED,2025-02-05
hr1017,REFERRED,2025-02-05
hr1002,REFERRED,2025-02-05
hr986,REFERRED,2025-02-05
hr1027,REFERRED,2025-02-05
hr996,REFERRED,2025-02-05
hr1011,REFERRED,2025-02-05
hr1021,REFERRED,2025-02-05
hr1003,REFERRED,2025-02-05
hr1033,REFERRED,2025-02-05
hr990,REFERRED,2025-02-05
hr999,REFERRED,2025-02-05
hr1007,REFERRED,2025-02-05
hr1023,REFERRED,2025-02-05
hr1025,REFERRED,2025-02-05
hr1006,REFERRED,2025-02-05
hr1026,REFERRED,2025-02-05
hr987,REFERRED,2025-02-05
hr980,REFERRED,2025-02-05
hr989,REFERRED,2025-02-05
hr1032,REFERRED,2025-02-05
hr1022,REFERRED,2025-02-05
hr1010,REFERRED,2025-02-05
hr1020,REFERRED,2025-02-05
hr991,REFERRED,2025-02-05
hr982,REFERRED,2025-02-05
hr1004,REFERRED,2025-02-05
hres110,REFERRED,2025-02-05
hres116,REFERRED,2025-02-05
hres111,REFERRED,2025-02-05
hres115,REFERRED,2025-02-05
hres114,REFERRED,2025-02-05
hres109,REFERRED,2025-02-05
hres113,REFERRED,2025-02-05
hres112,REFERRED,2025-02-05
s387,REFERRED,2025-02-04
s386,REFERRED,2025-02-04
s389,REFERRED,2025-02-04
s390,REFERRED,2025-02-04
s399,REFERRED,2025-02-04
s382,REFERRED,2025-02-04
s381,REFERRED,2025-02-04
s391,REFERRED,2025-02-04
s383,REFERRED,2025-02-04
s401,REFERRED,2025-02-04
s396,REFERRED,2025-02-04
s393,REFERRED,2025-02-04
s384,REFERRED,2025-02-04
s395,REFERRED,2025-02-04
s400,REFERRED,2025-02-04
s394,REFERRED,2025-02-04
s385,REFERRED,2025-02-04
s392,REFERRED,2025-02-04
s388,REFERRED,2025-02-04
s397,REFERRED,2025-02-04
s398,REFERRED,2025-02-04
s379,REFERRED,2025-02-04
s380,REFERRED,2025-02-04
sjres13,REFERRED,2025-02-04
sjres12,REFERRED,2025-02-04
hjres34,REFERRED,2025-02-04
hjres33,REFERRED,2025-02-04
sres52,REFERRED,2025-02-04
sres54,REFERRED,2025-02-04
hr951,REFERRED,2025-02-04
hr936,REFERRED,2025-02-04
hr912,REFERRED,2025-02-04
hr928,REFERRED,2025-02-04
hr972,REFERRED,2025-02-04
hr909,REFERRED,2025-02-04
hr963,REFERRED,2025-02-04
hr953,REFERRED,2025-02-04
hr943,REFERRED,2025-02-04
hr952,REFERRED,2025-02-04
hr918,REFERRED,2025-02-04
hr922,REFERRED,2025-02-04
hr942,REFERRED,2025-02-04
hr935,REFERRED,2025-02-04
hr932,REFERRED,2025-02-04
hr955,REFERRED,2025-02-04
hr925,REFERRED,2025-02-04
hr956,REFERRED,2025-02-04
hr949,REFERRED,2025-02-04
hr960,REFERRED,2025-02-04
hr958,REFERRED,2025-02-04
hr915,REFERRED,2025-02-04
hr937,REFERRED,2025-02-04
hr908,REFERRED,2025-02-04
hr973,REFERRED,2025-02-04
hr923,REFERRED,2025-02-04
hr924,REFERRED,2025-02-04
hr933,REFERRED,2025-02-04
hr945,REFERRED,2025-02-04
hr966,REFERRED,2025-02-04
hr930,REFERRED,2025-02-04
hr938,REFERRED,2025-02-04
hr967,REFERRED,2025-02-04
hr910,REFERRED,2025-02-04
hr920,REFERRED,2025-02-04
hr931,REFERRED,2025-02-04
hr934,REFERRED,2025-02-04
hr962,REFERRED,2025-02-04
hr968,REFERRED,2025-02-04
hr964,REFERRED,2025-02-04
hr941,REFERRED,2025-02-04
hr974,REFERRED,2025-02-04
hr940,REFERRED,2025-02-04
hr927,REFERRED,2025-02-04
hr969,REFERRED,2025-02-04
hr946,REFERRED,2025-02-04
hr929,REFERRED,2025-02-04
hr926,REFERRED,2025-02-04
hr913,REFERRED,2025-02-04
hr917,REFERRED,2025-02-04
hr976,REFERRED,2025-02-04
hr947,REFERRED,2025-02-04
hr954,REFERRED,2025-02-04
hr944,REFERRED,2025-02-04
hr921,REFERRED,2025-02-04
hr970,REFERRED,2025-02-04
hr939,REFERRED,2025-02-04
hr948,REFERRED,2025-02-04
hr919,REFERRED,2025-02-04
hr971,REFERRED,2025-02-04
hr914,REFERRED,2025-02-04
hr957,REFERRED,2025-02-04
hr911,REFERRED,2025-02-04
hr950,REFERRED,2025-02-04
hr961,REFERRED,2025-02-04
hr916,REFERRED,2025-02-04
hr959,REFERRED,2025-02-04
hres106,REFERRED,2025-02-04
hres103,REFERRED,2025-02-04
hres96,REFERRED,2025-02-04
hres95,REFERRED,2025-02-04
hres105,REFERRED,2025-02-04
hres98,REFERRED,2025-02-04
hres100,REFERRED,2025-02-04
hres91,REFERRED,2025-02-04
hres104,REFERRED,2025-02-04
hres94,REFERRED,2025-02-04
hres101,REFERRED,2025-02-04
hres99,REFERRED,2025-02-04
hres92,REFERRED,2025-02-04
hres102,REFERRED,2025-02-04
hres97,REFERRED,2025-02-04
s357,REFERRED,2025-02-03
s363,REFERRED,2025-02-03
s369,REFERRED,2025-02-03
s359,REFERRED,2025-02-03
s355,REFERRED,2025-02-03
s368,REFERRED,2025-02-03
s378,REFERRED,2025-02-03
s374,REFERRED,2025-02-03
s366,REFERRED,2025-02-03
s364,REFERRED,2025-02-03
s358,REFERRED,2025-02-03
s360,REFERRED,2025-02-03
s362,REFERRED,2025-02-03
s376,REFERRED,2025-02-03
s365,REFERRED,2025-02-03
s367,REFERRED,2025-02-03
s353,REFERRED,2025-02-03
s356,REFERRED,2025-02-03
s375,REFERRED,2025-02-03
s370,REFERRED,2025-02-03
s354,REFERRED,2025-02-03
s372,REFERRED,2025-02-03
s377,REFERRED,2025-02-03
s373,REFERRED,2025-02-03
s361,REFERRED,2025-02-03
sres51,REFERRED,2025-02-03
hjres32,REFERRED,2025-01-31
hjres31,REFERRED,2025-01-31
hr833,REFERRED,2025-01-31
hr884,REFERRED,2025-01-31
hr888,REFERRED,2025-01-31
hr830,REFERRED,2025-01-31
hr898,REFERRED,2025-01-31
hr864,REFERRED,2025-01-31
hr873,REFERRED,2025-01-31
hr892,REFERRED,2025-01-31
hr900,REFERRED,2025-01-31
hr881,REFERRED,2025-01-31
hr904,REFERRED,2025-01-31
hr903,REFERRED,2025-01-31
hr897,REFERRED,2025-01-31
hr842,REFERRED,2025-01-31
hr851,REFERRED,2025-01-31
hr868,REFERRED,2025-01-31
hr865,REFERRED,2025-01-31
hr831,REFERRED,2025-01-31
hr883,REFERRED,2025-01-31
hr895,REFERRED,2025-01-31
hr877,REFERRED,2025-01-31
hr863,REFERRED,2025-01-31
hr899,REFERRED,2025-01-31
hr869,REFERRED,2025-01-31
hr906,REFERRED,2025-01-31
hr879,REFERRED,2025-01-31
hr861,REFERRED,2025-01-31
hr905,REFERRED,2025-01-31
hr854,REFERRED,2025-01-31
hr859,REFERRED,2025-01-31
hr866,REFERRED,2025-01-31
hr852,REFERRED,2025-01-31
hr847,REFERRED,2025-01-31
hr891,REFERRED,2025-01-31
hr890,REFERRED,2025-01-31
hr848,REFERRED,2025-01-31
hr870,REFERRED,2025-01-31
hr887,REFERRED,2025-01-31
hr885,REFERRED,2025-01-31
hr834,REFERRED,2025-01-31
hr882,REFERRED,2025-01-31
hr876,REFERRED,2025-01-31
hr850,REFERRED,2025-01-31
hr838,REFERRED,2025-01-31
hr886,REFERRED,2025-01-31
hr889,REFERRED,2025-01-31
hr871,REFERRED,2025-01-31
hr880,REFERRED,2025-01-31
hr844,REFERRED,2025-01-31
hr878,REFERRED,2025-01-31
hr862,REFERRED,2025-01-31
hr894,REFERRED,2025-01-31
hr839,REFERRED,2025-01-31
hr901,REFERRED,2025-01-31
hr853,REFERRED,2025-01-31
hr849,REFERRED,2025-01-31
hr840,REFERRED,2025-01-31
hr896,REFERRED,2025-01-31
hr843,REFERRED,2025-01-31
hr874,REFERRED,2025-01-31
hr855,REFERRED,2025-01-31
hr841,REFERRED,2025-01-31
hr867,REFERRED,2025-01-31
hr860,REFERRED,2025-01-31
hr907,REFERRED,2025-01-31
hr857,REFERRED,2025-01-31
hr829,REFERRED,2025-01-31
hr893,REFERRED,2025-01-31
hr845,REFERRED,2025-01-31
hr858,REFERRED,2025-01-31
hr902,REFERRED,2025-01-31
hr846,REFERRED,2025-01-31
hres83,REFERRED,2025-01-31
hres90,REFERRED,2025-01-31
hres82,REFERRED,2025-01-31
hres86,REFERRED,2025-01-31
hres85,REFERRED,2025-01-31
hres87,REFERRED,2025-01-31
hres79,REFERRED,2025-01-31
hres88,REFERRED,2025-01-31
hres84,REFERRED,2025-01-31
hres81,REFERRED,2025-01-31
hres80,REFERRED,2025-01-31
hres89,REFERRED,2025-01-31
s329,REFERRED,2025-01-30
s349,REFERRED,2025-01-30
s334,REFERRED,2025-01-30
s340,REFERRED,2025-01-30
s350,REFERRED,2025-01-30
s330,REFERRED,2025-01-30
s345,REFERRED,2025-01-30
s336,REFERRED,2025-01-30
s332,REFERRED,2025-01-30
s342,REFERRED,2025-01-30
s352,REFERRED,2025-01-30
s341,REFERRED,2025-01-30
s333,REFERRED,2025-01-30
s339,REFERRED,2025-01-30
s326,REFERRED,2025-01-30
s335,REFERRED,2025-01-30
s338,REFERRED,2025-01-30
s328,REFERRED,2025-01-30
s337,REFERRED,2025-01-30
s343,REFERRED,2025-01-30
s348,REFERRED,2025-01-30
s344,REFERRED,2025-01-30
s327,REFERRED,2025-01-30
s346,REFERRED,2025-01-30
sjres8,REFERRED,2025-01-30
sjres9,REFERRED,2025-01-30
sres47,REFERRED,2025-01-30
s305,REFERRED,2025-01-29
s318,REFERRED,2025-01-29
s299,REFERRED,2025-01-29
s293,REFERRED,2025-01-29
s311,REFERRED,2025-01-29
s321,REFERRED,2025-01-29
s295,REFERRED,2025-01-29
s301,REFERRED,2025-01-29
s323,REFERRED,2025-01-29
s304,REFERRED,2025-01-29
s310,REFERRED,2025-01-29
s313,REFERRED,2025-01-29
s308,REFERRED,2025-01-29
s320,REFERRED,2025-01-29
s319,REFERRED,2025-01-29
s309,REFERRED,2025-01-29
s290,REFERRED,2025-01-29
s317,REFERRED,2025-01-29
s297,REFERRED,2025-01-29
s292,REFERRED,2025-01-29
s296,REFERRED,2025-01-29
s302,REFERRED,2025-01-29
s291,REFERRED,2025-01-29
s316,REFERRED,2025-01-29
s322,REFERRED,2025-01-29
s289,REFERRED,2025-01-29
s307,REFERRED,2025-01-29
s294,REFERRED,2025-01-29
s325,REFERRED,2025-01-29
s312,REFERRED,2025-01-29
s324,REFERRED,2025-01-29
s303,REFERRED,2025-01-29
s288,REFERRED,2025-01-29
sres44,REFERRED,2025-01-29
sres43,REFERRED,2025-01-29
s271,REFERRED,2025-01-28
s264,REFERRED,2025-01-28
s268,REFERRED,2025-01-28
s279,REFERRED,2025-01-28
s265,REFERRED,2025-01-28
s287,REFERRED,2025-01-28
s274,REFERRED,2025-01-28
s272,REFERRED,2025-01-28
s277,REFERRED,2025-01-28
s285,REFERRED,2025-01-28
s284,REFERRED,2025-01-28
s275,REFERRED,2025-01-28
s286,REFERRED,2025-01-28
s280,REFERRED,2025-01-28
s282,REFERRED,2025-01-28
s266,REFERRED,2025-01-28
s270,REFERRED,2025-01-28
s276,REFERRED,2025-01-28
s267,REFERRED,2025-01-28
s269,REFERRED,2025-01-28
sres42,REFERRED,2025-01-28
hconres5,REFERRED,2025-01-28
hconres4,REFERRED,2025-01-28
hconres7,REFERRED,2025-01-28
hconres6,REFERRED,2025-01-28
hr770,REFERRED,2025-01-28
hr756,REFERRED,2025-01-28
hr741,REFERRED,2025-01-28
hr801,REFERRED,2025-01-28
hr743,REFERRED,2025-01-28
hr815,REFERRED,2025-01-28
hr760,REFERRED,2025-01-28
hr765,REFERRED,2025-01-28
hr783,REFERRED,2025-01-28
hr809,REFERRED,2025-01-28
hr800,REFERRED,2025-01-28
hr786,REFERRED,2025-01-28
hr799,REFERRED,2025-01-28
hr803,REFERRED,2025-01-28
hr824,REFERRED,2025-01-28
hr823,REFERRED,2025-01-28
hr798,REFERRED,2025-01-28
hr784,REFERRED,2025-01-28
hr752,REFERRED,2025-01-28
hr813,REFERRED,2025-01-28
hr821,REFERRED,2025-01-28
hr790,REFERRED,2025-01-28
hr768,REFERRED,2025-01-28
hr796,REFERRED,2025-01-28
hr772,REFERRED,2025-01-28
hr819,REFERRED,2025-01-28
hr808,REFERRED,2025-01-28
hr816,REFERRED,2025-01-28
hr749,REFERRED,2025-01-28
hr822,REFERRED,2025-01-28
hr778,REFERRED,2025-01-28
hr769,REFERRED,2025-01-28
hr745,REFERRED,2025-01-28
hr766,REFERRED,2025-01-28
hr747,REFERRED,2025-01-28
hr812,REFERRED,2025-01-28
hr771,REFERRED,2025-01-28
hr814,REFERRED,2025-01-28
hr750,REFERRED,2025-01-28
hr806,REFERRED,2025-01-28
hr793,REFERRED,2025-01-28
hr742,REFERRED,2025-01-28
hr759,REFERRED,2025-01-28
hr779,REFERRED,2025-01-28
hr785,REFERRED,2025-01-28
hr762,REFERRED,2025-01-28
hr773,REFERRED,2025-01-28
hr755,REFERRED,2025-01-28
hr775,REFERRED,2025-01-28
hr805,REFERRED,2025-01-28
hr827,REFERRED,2025-01-28
hr777,REFERRED,2025-01-28
hr795,REFERRED,2025-01-28
hr780,REFERRED,2025-01-28
hr817,REFERRED,2025-01-28
hr810,REFERRED,2025-01-28
hr781,REFERRED,2025-01-28
hr748,REFERRED,2025-01-28
hr787,REFERRED,2025-01-28
hr761,REFERRED,2025-01-28
hr774,REFERRED,2025-01-28
hr811,REFERRED,2025-01-28
hr757,REFERRED,2025-01-28
hr797,REFERRED,2025-01-28
hr767,REFERRED,2025-01-28
hr791,REFERRED,2025-01-28
hr789,REFERRED,2025-01-28
hr763,REFERRED,2025-01-28
hr740,REFERRED,2025-01-28
hr802,REFERRED,2025-01-28
hr751,REFERRED,2025-01-28
hr792,REFERRED,2025-01-28
hr794,REFERRED,2025-01-28
hr753,REFERRED,2025-01-28
hr807,REFERRED,2025-01-28
hr746,REFERRED,2025-01-28
hr764,REFERRED,2025-01-28
hr826,REFERRED,2025-01-28
hr782,REFERRED,2025-01-28
hr820,REFERRED,2025-01-28
hres76,REFERRED,2025-01-28
hres72,REFERRED,2025-01-28
hres73,REFERRED,2025-01-28
hres75,REFERRED,2025-01-28
hres74,REFERRED,2025-01-28
hres78,REFERRED,2025-01-28
hres77,REFERRED,2025-01-28
hres70,REFERRED,2025-01-28
hres71,REFERRED,2025-01-28
s259,REFERRED,2025-01-27
s263,REFERRED,2025-01-27
s261,REFERRED,2025-01-27
s262,REFERRED,2025-01-27
sjres7,REFERRED,2025-01-27
s256,REFERRED,2025-01-25
s241,REFERRED,2025-01-24
s239,REFERRED,2025-01-24
s254,REFERRED,2025-01-24
s252,REFERRED,2025-01-24
s240,REFERRED,2025-01-24
s247,REFERRED,2025-01-24
s253,REFERRED,2025-01-24
s248,REFERRED,2025-01-24
s255,REFERRED,2025-01-24
s244,REFERRED,2025-01-24
s242,REFERRED,2025-01-24
s243,REFERRED,2025-01-24
s251,REFERRED,2025-01-24
s249,REFERRED,2025-01-24
s250,REFERRED,2025-01-24
hjres30,REFERRED,2025-01-24
sres35,REFERRED,2025-01-24
sres37,REFERRED,2025-01-24
sres36,REFERRED,2025-01-24
sconres6,REFERRED,2025-01-24
hr739,REFERRED,2025-01-24
hr720,REFERRED,2025-01-24
hr735,REFERRED,2025-01-24
hr723,REFERRED,2025-01-24
hr724,REFERRED,2025-01-24
hr732,REFERRED,2025-01-24
hr733,REFERRED,2025-01-24
hr727,REFERRED,2025-01-24
hr734,REFERRED,2025-01-24
hr726,REFERRED,2025-01-24
hr737,REFERRED,2025-01-24
hr721,REFERRED,2025-01-24
hr731,REFERRED,2025-01-24
hr719,REFERRED,2025-01-24
hr728,REFERRED,2025-01-24
hr725,REFERRED,2025-01-24
hr730,REFERRED,2025-01-24
hr729,REFERRED,2025-01-24
hr738,REFERRED,2025-01-24
hr722,REFERRED,2025-01-24
hres69,REFERRED,2025-01-24
hres67,REFERRED,2025-01-24
hres66,REFERRED,2025-01-24
hres65,REFERRED,2025-01-24
hres68,REFERRED,2025-01-24
s233,REFERRED,2025-01-23
s204,REFERRED,2025-01-23
s223,REFERRED,2025-01-23
s229,REFERRED,2025-01-23
s218,REFERRED,2025-01-23
s210,REFERRED,2025-01-23
s217,REFERRED,2025-01-23
s220,REFERRED,2025-01-23
s209,REFERRED,2025-01-23
s230,REFERRED,2025-01-23
s228,REFERRED,2025-01-23
s201,REFERRED,2025-01-23
s206,REFERRED,2025-01-23
s225,REFERRED,2025-01-23
s207,REFERRED,2025-01-23
s232,REFERRED,2025-01-23
s231,REFERRED,2025-01-23
s226,REFERRED,2025-01-23
s203,REFERRED,2025-01-23
s200,REFERRED,2025-01-23
s199,REFERRED,2025-01-23
s227,REFERRED,2025-01-23
s215,REFERRED,2025-01-23
s202,REFERRED,2025-01-23
s234,REFERRED,2025-01-23
s224,REFERRED,2025-01-23
s236,REFERRED,2025-01-23
s238,REFERRED,2025-01-23
s237,REFERRED,2025-01-23
s221,REFERRED,2025-01-23
s219,REFERRED,2025-01-23
s205,REFERRED,2025-01-23
s208,REFERRED,2025-01-23
s213,REFERRED,2025-01-23
s212,REFERRED,2025-01-23
s222,REFERRED,2025-01-23
s235,REFERRED,2025-01-23
s211,REFERRED,2025-01-23
s214,REFERRED,2025-01-23
sjres6,REFERRED,2025-01-23
sjres4,REFERRED,2025-01-23
sjres5,REFERRED,2025-01-23
hjres29,REFERRED,2025-01-23
sres31,REFERRED,2025-01-23
sres32,REFERRED,2025-01-23
sres33,REFERRED,2025-01-23
hr711,REFERRED,2025-01-23
hr678,REFERRED,2025-01-23
hr660,REFERRED,2025-01-23
hr682,REFERRED,2025-01-23
hr688,REFERRED,2025-01-23
hr697,REFERRED,2025-01-23
hr709,REFERRED,2025-01-23
hr707,REFERRED,2025-01-23
hr702,REFERRED,2025-01-23
hr657,REFERRED,2025-01-23
hr659,REFERRED,2025-01-23
hr714,REFERRED,2025-01-23
hr675,REFERRED,2025-01-23
hr646,REFERRED,2025-01-23
hr666,REFERRED,2025-01-23
hr708,REFERRED,2025-01-23
hr703,REFERRED,2025-01-23
hr662,REFERRED,2025-01-23
hr683,REFERRED,2025-01-23
hr674,REFERRED,2025-01-23
hr650,REFERRED,2025-01-23
hr653,REFERRED,2025-01-23
hr645,REFERRED,2025-01-23
hr713,REFERRED,2025-01-23
hr700,REFERRED,2025-01-23
hr693,REFERRED,2025-01-23
hr696,REFERRED,2025-01-23
hr651,REFERRED,2025-01-23
hr652,REFERRED,2025-01-23
hr684,REFERRED,2025-01-23
hr686,REFERRED,2025-01-23
hr661,REFERRED,2025-01-23
hr690,REFERRED,2025-01-23
hr644,REFERRED,2025-01-23
hr681,REFERRED,2025-01-23
hr654,REFERRED,2025-01-23
hr658,REFERRED,2025-01-23
hr716,REFERRED,2025-01-23
hr641,REFERRED,2025-01-23
hr715,REFERRED,2025-01-23
hr642,REFERRED,2025-01-23
hr655,REFERRED,2025-01-23
hr685,REFERRED,2025-01-23
hr698,REFERRED,2025-01-23
hr647,REFERRED,2025-01-23
hr712,REFERRED,2025-01-23
hr694,REFERRED,2025-01-23
hr701,REFERRED,2025-01-23
hr670,REFERRED,2025-01-23
hr656,REFERRED,2025-01-23
hr717,REFERRED,2025-01-23
hr672,REFERRED,2025-01-23
hr667,REFERRED,2025-01-23
hr691,REFERRED,2025-01-23
hr706,REFERRED,2025-01-23
hr718,REFERRED,2025-01-23
hr668,REFERRED,2025-01-23
hr679,REFERRED,2025-01-23
hr648,REFERRED,2025-01-23
hr705,REFERRED,2025-01-23
hr665,REFERRED,2025-01-23
hr680,REFERRED,2025-01-23
hr676,REFERRED,2025-01-23
hr664,REFERRED,2025-01-23
hr677,REFERRED,2025-01-23
hr669,REFERRED,2025-01-23
hr673,REFERRED,2025-01-23
hr710,REFERRED,2025-01-23
hr671,REFERRED,2025-01-23
hr687,REFERRED,2025-01-23
hr704,REFERRED,2025-01-23
hr689,REFERRED,2025-01-23
hr663,REFERRED,2025-01-23
hr643,REFERRED,2025-01-23
hr699,REFERRED,2025-01-23
hres63,REFERRED,2025-01-23
hres64,REFERRED,2025-01-23
hres62,REFERRED,2025-01-23
hres59,REFERRED,2025-01-23
hres60,REFERRED,2025-01-23
hres58,REFERRED,2025-01-23
hres57,REFERRED,2025-01-23
hres61,REFERRED,2025-01-23
s185,REFERRED,2025-01-22
s197,REFERRED,2025-01-22
s187,REFERRED,2025-01-22
s196,REFERRED,2025-01-22
s178,REFERRED,2025-01-22
s181,REFERRED,2025-01-22
s198,REFERRED,2025-01-22
s189,REFERRED,2025-01-22
s179,REFERRED,2025-01-22
s188,REFERRED,2025-01-22
s186,REFERRED,2025-01-22
s183,REFERRED,2025-01-22
s194,REFERRED,2025-01-22
s180,REFERRED,2025-01-22
s193,REFERRED,2025-01-22
s176,REFERRED,2025-01-22
s191,REFERRED,2025-01-22
s192,REFERRED,2025-01-22
s184,REFERRED,2025-01-22
s182,REFERRED,2025-01-22
s190,REFERRED,2025-01-22
s177,REFERRED,2025-01-22
hjres28,REFERRED,2025-01-22
hjres26,REFERRED,2025-01-22
hjres27,REFERRED,2025-01-22
sres30,REFERRED,2025-01-22
hr607,REFERRED,2025-01-22
hr639,REFERRED,2025-01-22
hr632,REFERRED,2025-01-22
hr634,REFERRED,2025-01-22
hr637,REFERRED,2025-01-22
hr605,REFERRED,2025-01-22
hr608,REFERRED,2025-01-22
hr620,REFERRED,2025-01-22
hr7,REFERRED,2025-01-22
hr609,REFERRED,2025-01-22
hr612,REFERRED,2025-01-22
hr616,REFERRED,2025-01-22
hr626,REFERRED,2025-01-22
hr631,REFERRED,2025-01-22
hr619,REFERRED,2025-01-22
hr613,REFERRED,2025-01-22
hr624,REFERRED,2025-01-22
hr629,REFERRED,2025-01-22
hr640,REFERRED,2025-01-22
hr633,REFERRED,2025-01-22
hr621,REFERRED,2025-01-22
hr601,REFERRED,2025-01-22
hr599,REFERRED,2025-01-22
hr615,REFERRED,2025-01-22
hr606,REFERRED,2025-01-22
hr610,REFERRED,2025-01-22
hr636,REFERRED,2025-01-22
hr630,REFERRED,2025-01-22
hr603,REFERRED,2025-01-22
hr617,REFERRED,2025-01-22
hr602,REFERRED,2025-01-22
hr625,REFERRED,2025-01-22
hr600,REFERRED,2025-01-22
hr628,REFERRED,2025-01-22
hr611,REFERRED,2025-01-22
hr622,REFERRED,2025-01-22
hr635,REFERRED,2025-01-22
hr623,REFERRED,2025-01-22
hr604,REFERRED,2025-01-22
hr638,REFERRED,2025-01-22
hr627,REFERRED,2025-01-22
hr614,REFERRED,2025-01-22
hres56,REFERRED,2025-01-22
s164,REFERRED,2025-01-21
s162,REFERRED,2025-01-21
s174,REFERRED,2025-01-21
s170,REFERRED,2025-01-21
s172,REFERRED,2025-01-21
s158,REFERRED,2025-01-21
s168,REFERRED,2025-01-21
s171,REFERRED,2025-01-21
s169,REFERRED,2025-01-21
s156,REFERRED,2025-01-21
s159,REFERRED,2025-01-21
s157,REFERRED,2025-01-21
s165,REFERRED,2025-01-21
s167,REFERRED,2025-01-21
s173,REFERRED,2025-01-21
s155,REFERRED,2025-01-21
s166,REFERRED,2025-01-21
s163,REFERRED,2025-01-21
s160,REFERRED,2025-01-21
s154,REFERRED,2025-01-21
s175,REFERRED,2025-01-21
sjres3,REFERRED,2025-01-21
hr593,REFERRED,2025-01-21
hr582,REFERRED,2025-01-21
hr581,REFERRED,2025-01-21
hr595,REFERRED,2025-01-21
hr586,REFERRED,2025-01-21
hr598,REFERRED,2025-01-21
hr592,REFERRED,2025-01-21
hr574,REFERRED,2025-01-21
hr573,REFERRED,2025-01-21
hr585,REFERRED,2025-01-21
hr575,REFERRED,2025-01-21
hr570,REFERRED,2025-01-21
hr589,REFERRED,2025-01-21
hr576,REFERRED,2025-01-21
hr571,REFERRED,2025-01-21
hr584,REFERRED,2025-01-21
hr580,REFERRED,2025-01-21
hr587,REFERRED,2025-01-21
hr591,REFERRED,2025-01-21
hr569,REFERRED,2025-01-21
hr594,REFERRED,2025-01-21
hr590,REFERRED,2025-01-21
hr583,REFERRED,2025-01-21
hr579,REFERRED,2025-01-21
hr578,REFERRED,2025-01-21
hr572,REFERRED,2025-01-21
hr577,REFERRED,2025-01-21
hr597,REFERRED,2025-01-21
hr588,REFERRED,2025-01-21
hr596,REFERRED,2025-01-21
s153,REFERRED,2025-01-20
s152,REFERRED,2025-01-20
hr559,REFERRED,2025-01-20
hr565,REFERRED,2025-01-20
hr557,REFERRED,2025-01-20
hr563,REFERRED,2025-01-20
hr567,REFERRED,2025-01-20
hr561,REFERRED,2025-01-20
hr568,REFERRED,2025-01-20
hr560,REFERRED,2025-01-20
hr558,REFERRED,2025-01-20
hr564,REFERRED,2025-01-20
hr562,REFERRED,2025-01-20
hr566,REFERRED,2025-01-20
s148,REFERRED,2025-01-17
s151,REFERRED,2025-01-17
s147,REFERRED,2025-01-17
s150,REFERRED,2025-01-17
s149,REFERRED,2025-01-17
s132,REFERRED,2025-01-16
s109,REFERRED,2025-01-16
s124,REFERRED,2025-01-16
s129,REFERRED,2025-01-16
s120,REFERRED,2025-01-16
s121,REFERRED,2025-01-16
s119,REFERRED,2025-01-16
s113,REFERRED,2025-01-16
s114,REFERRED,2025-01-16
s135,REFERRED,2025-01-16
s125,REFERRED,2025-01-16
s131,REFERRED,2025-01-16
s116,REFERRED,2025-01-16
s143,REFERRED,2025-01-16
s138,REFERRED,2025-01-16
s136,REFERRED,2025-01-16
s141,REFERRED,2025-01-16
s118,REFERRED,2025-01-16
s111,REFERRED,2025-01-16
s112,REFERRED,2025-01-16
s107,REFERRED,2025-01-16
s115,REFERRED,2025-01-16
s133,REFERRED,2025-01-16
s130,REFERRED,2025-01-16
s123,REFERRED,2025-01-16
s142,REFERRED,2025-01-16
s126,REFERRED,2025-01-16
s110,REFERRED,2025-01-16
s145,REFERRED,2025-01-16
s139,REFERRED,2025-01-16
s140,REFERRED,2025-01-16
s134,REFERRED,2025-01-16
s128,REFERRED,2025-01-16
s137,REFERRED,2025-01-16
s108,REFERRED,2025-01-16
s106,REFERRED,2025-01-16
s122,REFERRED,2025-01-16
s117,REFERRED,2025-01-16
s144,REFERRED,2025-01-16
s127,REFERRED,2025-01-16
hjres22,REFERRED,2025-01-16
hjres23,REFERRED,2025-01-16
hjres24,REFERRED,2025-01-16
hjres21,REFERRED,2025-01-16
sres28,REFERRED,2025-01-16
hr552,REFERRED,2025-01-16
hr529,REFERRED,2025-01-16
hr479,REFERRED,2025-01-16
hr521,REFERRED,2025-01-16
hr532,REFERRED,2025-01-16
hr491,REFERRED,2025-01-16
hr544,REFERRED,2025-01-16
hr488,REFERRED,2025-01-16
hr473,REFERRED,2025-01-16
hr551,REFERRED,2025-01-16
hr475,REFERRED,2025-01-16
hr543,REFERRED,2025-01-16
hr553,REFERRED,2025-01-16
hr518,REFERRED,2025-01-16
hr554,REFERRED,2025-01-16
hr480,REFERRED,2025-01-16
hr470,REFERRED,2025-01-16
hr531,REFERRED,2025-01-16
hr508,REFERRED,2025-01-16
hr498,REFERRED,2025-01-16
hr482,REFERRED,2025-01-16
hr487,REFERRED,2025-01-16
hr539,REFERRED,2025-01-16
hr513,REFERRED,2025-01-16
hr550,REFERRED,2025-01-16
hr512,REFERRED,2025-01-16
hr519,REFERRED,2025-01-16
hr542,REFERRED,2025-01-16
hr496,REFERRED,2025-01-16
hr490,REFERRED,2025-01-16
hr489,REFERRED,2025-01-16
hr538,REFERRED,2025-01-16
hr494,REFERRED,2025-01-16
hr525,REFERRED,2025-01-16
hr478,REFERRED,2025-01-16
hr523,REFERRED,2025-01-16
hr556,REFERRED,2025-01-16
hr505,REFERRED,2025-01-16
hr522,REFERRED,2025-01-16
hr528,REFERRED,2025-01-16
hr545,REFERRED,2025-01-16
hr485,REFERRED,2025-01-16
hr486,REFERRED,2025-01-16
hr535,REFERRED,2025-01-16
hr555,REFERRED,2025-01-16
hr510,REFERRED,2025-01-16
hr493,REFERRED,2025-01-16
hr516,REFERRED,2025-01-16
hr492,REFERRED,2025-01-16
hr497,REFERRED,2025-01-16
hr499,REFERRED,2025-01-16
hr548,REFERRED,2025-01-16
hr530,REFERRED,2025-01-16
hr534,REFERRED,2025-01-16
hr484,REFERRED,2025-01-16
hr524,REFERRED,2025-01-16
hr506,REFERRED,2025-01-16
hr504,REFERRED,2025-01-16
hr503,REFERRED,2025-01-16
hr511,REFERRED,2025-01-16
hr509,REFERRED,2025-01-16
hr546,REFERRED,2025-01-16
hr540,REFERRED,2025-01-16
hr474,REFERRED,2025-01-16
hr514,REFERRED,2025-01-16
hr483,REFERRED,2025-01-16
hr472,REFERRED,2025-01-16
hr537,REFERRED,2025-01-16
hr527,REFERRED,2025-01-16
hr502,REFERRED,2025-01-16
hr477,REFERRED,2025-01-16
hr507,REFERRED,2025-01-16
hr526,REFERRED,2025-01-16
hr536,REFERRED,2025-01-16
hr481,REFERRED,2025-01-16
hr533,REFERRED,2025-01-16
hr476,REFERRED,2025-01-16
hr495,REFERRED,2025-01-16
hr500,REFERRED,2025-01-16
hr541,REFERRED,2025-01-16
hr515,REFERRED,2025-01-16
hr549,REFERRED,2025-01-16
hr520,REFERRED,2025-01-16
hr547,REFERRED,2025-01-16
hres49,REFERRED,2025-01-16
hres50,REFERRED,2025-01-16
hres52,REFERRED,2025-01-16
hres48,REFERRED,2025-01-16
hres51,REFERRED,2025-01-16
s97,REFERRED,2025-01-15
s101,REFERRED,2025-01-15
s103,REFERRED,2025-01-15
s102,REFERRED,2025-01-15
s104,REFERRED,2025-01-15
s94,REFERRED,2025-01-15
s95,REFERRED,2025-01-15
s96,REFERRED,2025-01-15
s105,REFERRED,2025-01-15
s100,REFERRED,2025-01-15
hjres19,REFERRED,2025-01-15
sconres5,REFERRED,2025-01-15
hr443,REFERRED,2025-01-15
hr468,REFERRED,2025-01-15
hr428,REFERRED,2025-01-15
hr442,REFERRED,2025-01-15
hr438,REFERRED,2025-01-15
hr455,REFERRED,2025-01-15
hr434,REFERRED,2025-01-15
hr460,REFERRED,2025-01-15
hr451,REFERRED,2025-01-15
hr457,REFERRED,2025-01-15
hr404,REFERRED,2025-01-15
hr452,REFERRED,2025-01-15
hr447,REFERRED,2025-01-15
hr405,REFERRED,2025-01-15
hr408,REFERRED,2025-01-15
hr410,REFERRED,2025-01-15
hr420,REFERRED,2025-01-15
hr440,REFERRED,2025-01-15
hr465,REFERRED,2025-01-15
hr464,REFERRED,2025-01-15
hr466,REFERRED,2025-01-15
hr458,REFERRED,2025-01-15
hr454,REFERRED,2025-01-15
hr433,REFERRED,2025-01-15
hr445,REFERRED,2025-01-15
hr436,REFERRED,2025-01-15
hr446,REFERRED,2025-01-15
hr448,REFERRED,2025-01-15
hr462,REFERRED,2025-01-15
hr453,REFERRED,2025-01-15
hr426,REFERRED,2025-01-15
hr422,REFERRED,2025-01-15
hr414,REFERRED,2025-01-15
hr456,REFERRED,2025-01-15
hr412,REFERRED,2025-01-15
hr432,REFERRED,2025-01-15
hr449,REFERRED,2025-01-15
hr417,REFERRED,2025-01-15
hr430,REFERRED,2025-01-15
hr459,REFERRED,2025-01-15
hr409,REFERRED,2025-01-15
hr441,REFERRED,2025-01-15
hr439,REFERRED,2025-01-15
hr435,REFERRED,2025-01-15
hr421,REFERRED,2025-01-15
hr406,REFERRED,2025-01-15
hr424,REFERRED,2025-01-15
hr411,REFERRED,2025-01-15
hr431,REFERRED,2025-01-15
hr467,REFERRED,2025-01-15
hr407,REFERRED,2025-01-15
hr450,REFERRED,2025-01-15
hr423,REFERRED,2025-01-15
hr427,REFERRED,2025-01-15
hr437,REFERRED,2025-01-15
hr463,REFERRED,2025-01-15
hr429,REFERRED,2025-01-15
hr419,REFERRED,2025-01-15
hr444,REFERRED,2025-01-15
hr416,REFERRED,2025-01-15
hr413,REFERRED,2025-01-15
hr425,REFERRED,2025-01-15
hr461,REFERRED,2025-01-15
hr415,REFERRED,2025-01-15
hr418,REFERRED,2025-01-15
hres47,REFERRED,2025-01-15
hres46,REFERRED,2025-01-15
hres45,REFERRED,2025-01-15
s86,REFERRED,2025-01-14
s83,REFERRED,2025-01-14
s88,REFERRED,2025-01-14
s90,REFERRED,2025-01-14
s89,REFERRED,2025-01-14
s91,REFERRED,2025-01-14
s92,REFERRED,2025-01-14
s84,REFERRED,2025-01-14
s87,REFERRED,2025-01-14
s85,REFERRED,2025-01-14
sres25,REFERRED,2025-01-14
sres24,REFERRED,2025-01-14
hr401,REFERRED,2025-01-14
hr379,REFERRED,2025-01-14
hr403,REFERRED,2025-01-14
hr381,REFERRED,2025-01-14
hr400,REFERRED,2025-01-14
hr394,REFERRED,2025-01-14
hr378,REFERRED,2025-01-14
hr393,REFERRED,2025-01-14
hr389,REFERRED,2025-01-14
hr397,REFERRED,2025-01-14
hr385,REFERRED,2025-01-14
hr387,REFERRED,2025-01-14
hr382,REFERRED,2025-01-14
hr391,REFERRED,2025-01-14
hr388,REFERRED,2025-01-14
hr402,REFERRED,2025-01-14
hr383,REFERRED,2025-01-14
hr396,REFERRED,2025-01-14
hr392,REFERRED,2025-01-14
hr395,REFERRED,2025-01-14
hr377,REFERRED,2025-01-14
hr376,REFERRED,2025-01-14
hr390,REFERRED,2025-01-14
hr399,REFERRED,2025-01-14
hr398,REFERRED,2025-01-14
hr380,REFERRED,2025-01-14
hr384,REFERRED,2025-01-14
hres41,REFERRED,2025-01-14
s77,REFERRED,2025-01-13
s72,REFERRED,2025-01-13
s74,REFERRED,2025-01-13
s75,REFERRED,2025-01-13
s80,REFERRED,2025-01-13
s76,REFERRED,2025-01-13
s82,REFERRED,2025-01-13
s79,REFERRED,2025-01-13
s81,REFERRED,2025-01-13
s73,REFERRED,2025-01-13
s71,REFERRED,2025-01-13
s78,REFERRED,2025-01-13
s70,REFERRED,2025-01-13
hjres18,REFERRED,2025-01-13
hjres17,REFERRED,2025-01-13
sres22,REFERRED,2025-01-13
sres23,REFERRED,2025-01-13
sres20,REFERRED,2025-01-13
sres21,REFERRED,2025-01-13
sconres4,REFERRED,2025-01-13
hconres3,REFERRED,2025-01-13
hr361,REFERRED,2025-01-13
hr360,REFERRED,2025-01-13
hr344,REFERRED,2025-01-13
hr365,REFERRED,2025-01-13
hr338,REFERRED,2025-01-13
hr352,REFERRED,2025-01-13
hr354,REFERRED,2025-01-13
hr346,REFERRED,2025-01-13
hr343,REFERRED,2025-01-13
hr340,REFERRED,2025-01-13
hr359,REFERRED,2025-01-13
hr349,REFERRED,2025-01-13
hr363,REFERRED,2025-01-13
hr364,REFERRED,2025-01-13
hr362,REFERRED,2025-01-13
hr351,REFERRED,2025-01-13
hr369,REFERRED,2025-01-13
hr336,REFERRED,2025-01-13
hr366,REFERRED,2025-01-13
hr357,REFERRED,2025-01-13
hr353,REFERRED,2025-01-13
hr342,REFERRED,2025-01-13
hr358,REFERRED,2025-01-13
hr347,REFERRED,2025-01-13
hr373,REFERRED,2025-01-13
hr372,REFERRED,2025-01-13
hr337,REFERRED,2025-01-13
hr370,REFERRED,2025-01-13
hr345,REFERRED,2025-01-13
hr332,REFERRED,2025-01-13
hr348,REFERRED,2025-01-13
hr341,REFERRED,2025-01-13
hr350,REFERRED,2025-01-13
hr374,REFERRED,2025-01-13
hr333,REFERRED,2025-01-13
hr339,REFERRED,2025-01-13
hr355,REFERRED,2025-01-13
hr371,REFERRED,2025-01-13
hr368,REFERRED,2025-01-13
hr367,REFERRED,2025-01-13
hr356,REFERRED,2025-01-13
hr335,REFERRED,2025-01-13
hr334,REFERRED,2025-01-13
hres36,REFERRED,2025-01-13
hres32,REFERRED,2025-01-13
hres33,REFERRED,2025-01-13
hres37,REFERRED,2025-01-13
hres35,REFERRED,2025-01-13
hres34,REFERRED,2025-01-13
s57,REFERRED,2025-01-09
s66,REFERRED,2025-01-09
s56,REFERRED,2025-01-09
s46,REFERRED,2025-01-09
s63,REFERRED,2025-01-09
s54,REFERRED,2025-01-09
s51,REFERRED,2025-01-09
s40,REFERRED,2025-01-09
s50,REFERRED,2025-01-09
s60,REFERRED,2025-01-09
s55,REFERRED,2025-01-09
s53,REFERRED,2025-01-09
s69,REFERRED,2025-01-09
s64,REFERRED,2025-01-09
s59,REFERRED,2025-01-09
s41,REFERRED,2025-01-09
s38,REFERRED,2025-01-09
s47,REFERRED,2025-01-09
s67,REFERRED,2025-01-09
s42,REFERRED,2025-01-09
s61,REFERRED,2025-01-09
s52,REFERRED,2025-01-09
s45,REFERRED,2025-01-09
s43,REFERRED,2025-01-09
s39,REFERRED,2025-01-09
s62,REFERRED,2025-01-09
s58,REFERRED,2025-01-09
s48,REFERRED,2025-01-09
s65,REFERRED,2025-01-09
s49,REFERRED,2025-01-09
s44,REFERRED,2025-01-09
hjres16,REFERRED,2025-01-09
hjres13,REFERRED,2025-01-09
hjres14,REFERRED,2025-01-09
hjres15,REFERRED,2025-01-09
sres18,REFERRED,2025-01-09
hr324,REFERRED,2025-01-09
hr254,REFERRED,2025-01-09
hr321,REFERRED,2025-01-09
hr308,REFERRED,2025-01-09
hr276,REFERRED,2025-01-09
hr330,REFERRED,2025-01-09
hr283,REFERRED,2025-01-09
hr307,REFERRED,2025-01-09
hr326,REFERRED,2025-01-09
hr243,REFERRED,2025-01-09
hr260,REFERRED,2025-01-09
hr280,REFERRED,2025-01-09
hr305,REFERRED,2025-01-09
hr296,REFERRED,2025-01-09
hr268,REFERRED,2025-01-09
hr304,REFERRED,2025-01-09
hr285,REFERRED,2025-01-09
hr289,REFERRED,2025-01-09
hr262,REFERRED,2025-01-09
hr255,REFERRED,2025-01-09
hr288,REFERRED,2025-01-09
hr319,REFERRED,2025-01-09
hr325,REFERRED,2025-01-09
hr275,REFERRED,2025-01-09
hr295,REFERRED,2025-01-09
hr311,REFERRED,2025-01-09
hr306,REFERRED,2025-01-09
hr320,REFERRED,2025-01-09
hr270,REFERRED,2025-01-09
hr253,REFERRED,2025-01-09
hr312,REFERRED,2025-01-09
hr265,REFERRED,2025-01-09
hr269,REFERRED,2025-01-09
hr273,REFERRED,2025-01-09
hr314,REFERRED,2025-01-09
hr309,REFERRED,2025-01-09
hr263,REFERRED,2025-01-09
hr241,REFERRED,2025-01-09
hr246,REFERRED,2025-01-09
hr303,REFERRED,2025-01-09
hr310,REFERRED,2025-01-09
hr247,REFERRED,2025-01-09
hr322,REFERRED,2025-01-09
hr267,REFERRED,2025-01-09
hr256,REFERRED,2025-01-09
hr294,REFERRED,2025-01-09
hr290,REFERRED,2025-01-09
hr293,REFERRED,2025-01-09
hr245,REFERRED,2025-01-09
hr257,REFERRED,2025-01-09
hr287,REFERRED,2025-01-09
hr242,REFERRED,2025-01-09
hr261,REFERRED,2025-01-09
hr316,REFERRED,2025-01-09
hr244,REFERRED,2025-01-09
hr252,REFERRED,2025-01-09
hr281,REFERRED,2025-01-09
hr318,REFERRED,2025-01-09
hr279,REFERRED,2025-01-09
hr274,REFERRED,2025-01-09
hr301,REFERRED,2025-01-09
hr292,REFERRED,2025-01-09
hr266,REFERRED,2025-01-09
hr278,REFERRED,2025-01-09
hr299,REFERRED,2025-01-09
hr251,REFERRED,2025-01-09
hr313,REFERRED,2025-01-09
hr284,REFERRED,2025-01-09
hr277,REFERRED,2025-01-09
hr291,REFERRED,2025-01-09
hr248,REFERRED,2025-01-09
hr300,REFERRED,2025-01-09
hr272,REFERRED,2025-01-09
hr297,REFERRED,2025-01-09
hr329,REFERRED,2025-01-09
hr259,REFERRED,2025-01-09
hr271,REFERRED,2025-01-09
hr327,REFERRED,2025-01-09
hr323,REFERRED,2025-01-09
hr258,REFERRED,2025-01-09
hr315,REFERRED,2025-01-09
hr286,REFERRED,2025-01-09
hr317,REFERRED,2025-01-09
hr282,REFERRED,2025-01-09
hr328,REFERRED,2025-01-09
hr264,REFERRED,2025-01-09
hr298,REFERRED,2025-01-09
hres26,REFERRED,2025-01-09
hres23,REFERRED,2025-01-09
hres24,REFERRED,2025-01-09
hres28,REFERRED,2025-01-09
hres29,REFERRED,2025-01-09
hres30,REFERRED,2025-01-09
hres27,REFERRED,2025-01-09
hres25,REFERRED,2025-01-09
s33,REFERRED,2025-01-08
s35,REFERRED,2025-01-08
s34,REFERRED,2025-01-08
s37,REFERRED,2025-01-08
s36,REFERRED,2025-01-08
s30,REFERRED,2025-01-08
s31,REFERRED,2025-01-08
sjres2,REFERRED,2025-01-08
s28,REFERRED,2025-01-07
s29,REFERRED,2025-01-07
s23,REFERRED,2025-01-07
s22,REFERRED,2025-01-07
s27,REFERRED,2025-01-07
s21,REFERRED,2025-01-07
s26,REFERRED,2025-01-07
s24,REFERRED,2025-01-07
s25,REFERRED,2025-01-07
sjres1,REFERRED,2025-01-07
hr237,REFERRED,2025-01-07
hr223,REFERRED,2025-01-07
hr220,REFERRED,2025-01-07
hr228,REFERRED,2025-01-07
hr229,REFERRED,2025-01-07
hr233,REFERRED,2025-01-07
hr236,REFERRED,2025-01-07
hr219,REFERRED,2025-01-07
hr227,REFERRED,2025-01-07
hr225,REFERRED,2025-01-07
hr218,REFERRED,2025-01-07
hr221,REFERRED,2025-01-07
hr235,REFERRED,2025-01-07
hr240,REFERRED,2025-01-07
hr232,REFERRED,2025-01-07
hr222,REFERRED,2025-01-07
hr216,REFERRED,2025-01-07
hr230,REFERRED,2025-01-07
hr239,REFERRED,2025-01-07
hr234,REFERRED,2025-01-07
hr238,REFERRED,2025-01-07
hr217,REFERRED,2025-01-07
hres18,REFERRED,2025-01-07
hres19,REFERRED,2025-01-07
hres17,REFERRED,2025-01-07
hres20,REFERRED,2025-01-07
hjres12,REFERRED,2025-01-06
hr210,REFERRED,2025-01-06
hr215,REFERRED,2025-01-06
hr211,REFERRED,2025-01-06
hr213,REFERRED,2025-01-06
hr214,REFERRED,2025-01-06
hr212,REFERRED,2025-01-06
hres16,REFERRED,2025-01-06
hres15,REFERRED,2025-01-06
hjres1,REFERRED,2025-01-03
hjres2,REFERRED,2025-01-03
hjres9,REFERRED,2025-01-03
hjres4,REFERRED,2025-01-03
hjres6,REFERRED,2025-01-03
hjres5,REFERRED,2025-01-03
hjres3,REFERRED,2025-01-03
hjres11,REFERRED,2025-01-03
hjres7,REFERRED,2025-01-03
hjres10,REFERRED,2025-01-03
hjres8,REFERRED,2025-01-03
hconres2,REFERRED,2025-01-03
hr156,REFERRED,2025-01-03
hr92,REFERRED,2025-01-03
hr62,REFERRED,2025-01-03
hr37,REFERRED,2025-01-03
hr106,REFERRED,2025-01-03
hr128,REFERRED,2025-01-03
hr64,REFERRED,2025-01-03
hr63,REFERRED,2025-01-03
hr53,REFERRED,2025-01-03
hr39,REFERRED,2025-01-03
hr170,REFERRED,2025-01-03
hr160,REFERRED,2025-01-03
hr86,REFERRED,2025-01-03
hr191,REFERRED,2025-01-03
hr87,REFERRED,2025-01-03
hr71,REFERRED,2025-01-03
hr199,REFERRED,2025-01-03
hr150,REFERRED,2025-01-03
hr111,REFERRED,2025-01-03
hr203,REFERRED,2025-01-03
hr22,REFERRED,2025-01-03
hr132,REFERRED,2025-01-03
hr120,REFERRED,2025-01-03
hr130,REFERRED,2025-01-03
hr208,REFERRED,2025-01-03
hr134,REFERRED,2025-01-03
hr72,REFERRED,2025-01-03
hr108,REFERRED,2025-01-03
hr90,REFERRED,2025-01-03
hr166,REFERRED,2025-01-03
hr206,REFERRED,2025-01-03
hr194,REFERRED,2025-01-03
hr66,REFERRED,2025-01-03
hr34,REFERRED,2025-01-03
hr36,REFERRED,2025-01-03
hr113,REFERRED,2025-01-03
hr46,REFERRED,2025-01-03
hr84,REFERRED,2025-01-03
hr125,REFERRED,2025-01-03
hr61,REFERRED,2025-01-03
hr93,REFERRED,2025-01-03
hr179,REFERRED,2025-01-03
hr56,REFERRED,2025-01-03
hr80,REFERRED,2025-01-03
hr75,REFERRED,2025-01-03
hr138,REFERRED,2025-01-03
hr122,REFERRED,2025-01-03
hr121,REFERRED,2025-01-03
hr195,REFERRED,2025-01-03
hr96,REFERRED,2025-01-03
hr44,REFERRED,2025-01-03
hr32,REFERRED,2025-01-03
hr109,REFERRED,2025-01-03
hr73,REFERRED,2025-01-03
hr171,REFERRED,2025-01-03
hr196,REFERRED,2025-01-03
hr58,REFERRED,2025-01-03
hr40,REFERRED,2025-01-03
hr136,REFERRED,2025-01-03
hr69,REFERRED,2025-01-03
hr114,REFERRED,2025-01-03
hr162,REFERRED,2025-01-03
hr146,REFERRED,2025-01-03
hr123,REFERRED,2025-01-03
hr65,REFERRED,2025-01-03
hr52,REFERRED,2025-01-03
hr85,REFERRED,2025-01-03
hr91,REFERRED,2025-01-03
hr154,REFERRED,2025-01-03
hr89,REFERRED,2025-01-03
hr190,REFERRED,2025-01-03
hr104,REFERRED,2025-01-03
hr78,REFERRED,2025-01-03
hr116,REFERRED,2025-01-03
hr79,REFERRED,2025-01-03
hr68,REFERRED,2025-01-03
hr201,REFERRED,2025-01-03
hr117,REFERRED,2025-01-03
hr139,REFERRED,2025-01-03
hr76,REFERRED,2025-01-03
hr81,REFERRED,2025-01-03
hr133,REFERRED,2025-01-03
hr182,REFERRED,2025-01-03
hr60,REFERRED,2025-01-03
hr147,REFERRED,2025-01-03
hr200,REFERRED,2025-01-03
hr94,REFERRED,2025-01-03
hr183,REFERRED,2025-01-03
hr38,REFERRED,2025-01-03
hr24,REFERRED,2025-01-03
hr82,REFERRED,2025-01-03
hr57,REFERRED,2025-01-03
hr158,REFERRED,2025-01-03
hr188,REFERRED,2025-01-03
hr129,REFERRED,2025-01-03
hr55,REFERRED,2025-01-03
hr70,REFERRED,2025-01-03
hr131,REFERRED,2025-01-03
hr149,REFERRED,2025-01-03
hr25,REFERRED,2025-01-03
hr174,REFERRED,2025-01-03
hr173,REFERRED,2025-01-03
hr168,REFERRED,2025-01-03
hr45,REFERRED,2025-01-03
hr143,REFERRED,2025-01-03
hr155,REFERRED,2025-01-03
hr159,REFERRED,2025-01-03
hr180,REFERRED,2025-01-03
hr118,REFERRED,2025-01-03
hr167,REFERRED,2025-01-03
hr41,REFERRED,2025-01-03
hr51,REFERRED,2025-01-03
hr124,REFERRED,2025-01-03
hr31,REFERRED,2025-01-03
hr141,REFERRED,2025-01-03
hr137,REFERRED,2025-01-03
hr193,REFERRED,2025-01-03
hr112,REFERRED,2025-01-03
hr101,REFERRED,2025-01-03
hr83,REFERRED,2025-01-03
hr145,REFERRED,2025-01-03
hr115,REFERRED,2025-01-03
hr184,REFERRED,2025-01-03
hr48,REFERRED,2025-01-03
hr172,REFERRED,2025-01-03
hr142,REFERRED,2025-01-03
hr198,REFERRED,2025-01-03
hr50,REFERRED,2025-01-03
hr97,REFERRED,2025-01-03
hr135,REFERRED,2025-01-03
hr54,REFERRED,2025-01-03
hr100,REFERRED,2025-01-03
hr151,REFERRED,2025-01-03
hr110,REFERRED,2025-01-03
hr169,REFERRED,2025-01-03
hr119,REFERRED,2025-01-03
hr185,REFERRED,2025-01-03
hr178,REFERRED,2025-01-03
hr175,REFERRED,2025-01-03
hr107,REFERRED,2025-01-03
hr163,REFERRED,2025-01-03
hr74,REFERRED,2025-01-03
hr49,REFERRED,2025-01-03
hr140,REFERRED,2025-01-03
hr47,REFERRED,2025-01-03
hr95,REFERRED,2025-01-03
hr177,REFERRED,2025-01-03
hr161,REFERRED,2025-01-03
hr127,REFERRED,2025-01-03
hr148,REFERRED,2025-01-03
hr59,REFERRED,2025-01-03
hr209,REFERRED,2025-01-03
hr157,REFERRED,2025-01-03
hr99,REFERRED,2025-01-03
hr181,REFERRED,2025-01-03
hr88,REFERRED,2025-01-03
hr205,REFERRED,2025-01-03
hr105,REFERRED,2025-01-03
hr202,REFERRED,2025-01-03
hr126,REFERRED,2025-01-03
hr98,REFERRED,2025-01-03
hr102,REFERRED,2025-01-03
hr67,REFERRED,2025-01-03
hr103,REFERRED,2025-01-03
hres11,REFERRED,2025-01-03
hres10,REFERRED,2025-01-03
hres12,REFERRED,2025-01-03
hres8,REFERRED,2025-01-03
hres9,REFERRED,2025-01-03
hres7,REFERRED,2025-01-03
s331,REPORTED,2025-02-27
hjres25,REPORTED,2025-02-26
hr501,REPORTED,2025-02-26
hr875,REPORTED,2025-02-26
hr1382,REPORTED,2025-02-26
hr744,REPORTED,2025-02-26
hr517,REPORTED,2025-02-26
hr1071,REPORTED,2025-02-26
hr1182,REPORTED,2025-02-26
hr1000,REPORTED,2025-02-26
hr1491,REPORTED,2025-02-26
hr176,REPORTED,2025-02-26
sres90,REPORTED,2025-02-24
s300,REPORTED,2025-02-20
s298,REPORTED,2025-02-20
sres82,REPORTED,2025-02-19
sres77,REPORTED,2025-02-13
sres78,REPORTED,2025-02-13
s371,REPORTED,2025-02-12
sres76,REPORTED,2025-02-12
hr302,REPORTED,2025-02-12
hr998,REPORTED,2025-02-12
hr231,REPORTED,2025-02-12
hr997,REPORTED,2025-02-12
hr331,REPORTED,2025-02-12
hr1155,REPORTED,2025-02-12
hr618,REPORTED,2025-02-12
hr649,REPORTED,2025-02-12
hr1001,REPORTED,2025-02-12
hr1049,REPORTED,2025-02-12
hr1044,REPORTED,2025-02-12
hr1069,REPORTED,2025-02-12
hr249,REPORTED,2025-02-12
hr1005,REPORTED,2025-02-12
hr1152,REPORTED,2025-02-12
hr1110,REPORTED,2025-02-12
hr1156,REPORTED,2025-02-12
hr1048,REPORTED,2025-02-12
sres73,REPORTED,2025-02-11
sres71,REPORTED,2025-02-11
sres74,REPORTED,2025-02-11
sres70,REPORTED,2025-02-11
sres69,REPORTED,2025-02-11
sres65,REPORTED,2025-02-06
sres63,REPORTED,2025-02-06
sres62,REPORTED,2025-02-06
s216,REPORTED,2025-02-05
s258,REPORTED,2025-02-05
s306,REPORTED,2025-02-05
s260,REPORTED,2025-02-05
s161,REPORTED,2025-02-05
s314,REPORTED,2025-02-05
s315,REPORTED,2025-02-05
s99,REPORTED,2025-02-05
s68,REPORTED,2025-02-05
s93,REPORTED,2025-02-05
s273,REPORTED,2025-02-05
s278,REPORTED,2025-02-05
s347,REPORTED,2025-02-05
s98,REPORTED,2025-02-05
s281,REPORTED,2025-02-05
s195,REPORTED,2025-02-05
s257,REPORTED,2025-02-05
s351,REPORTED,2025-02-05
s283,REPORTED,2025-02-05
s245,REPORTED,2025-02-05
s246,REPORTED,2025-02-05
sres58,REPORTED,2025-02-05
sres60,REPORTED,2025-02-05
sres59,REPORTED,2025-02-05
sres57,REPORTED,2025-02-05
sres29,REPORTED,2025-01-21
sjres11,PASS_OVER:SENATE,2025-02-25
sconres7,PASS_OVER:SENATE,2025-02-21
s146,PASS_OVER:SENATE,2025-02-13
s32,PASS_OVER:SENATE,2025-02-12
hres177,INTRODUCED,2025-03-03
s9,INTRODUCED,2025-01-07
s5,ENACTED:SIGNED,2025-01-29
hr23,PROV_KILL:CLOTUREFAILED,2025-01-28
s6,PROV_KILL:CLOTUREFAILED,2025-01-22
sjres10,FAIL:ORIGINATING:SENATE,2025-02-26
hjres35,PASSED:BILL,2025-02-27
hr758,PASS_OVER:HOUSE,2025-03-03T19:03:47-05:00
hr856,PASS_OVER:HOUSE,2025-03-03T18:57:06-05:00
hr872,PASS_OVER:HOUSE,2025-03-03T16:02:45-05:00
hr1515,PASS_OVER:HOUSE,2025-03-03T15:50:56-05:00
hjres20,PASS_OVER:HOUSE,2025-02-27T10:29:11-05:00
hr695,PASS_OVER:HOUSE,2025-02-26T16:36:12-05:00
hr469,PASS_OVER:HOUSE,2025-02-26T15:53:22-05:00
hr250,PASS_OVER:HOUSE,2025-02-26T15:43:41-05:00
hconres14,PASS_OVER:HOUSE,2025-02-25T20:22:05-05:00
hr804,PASS_OVER:HOUSE,2025-02-25T19:40:32-05:00
hr788,PASS_OVER:HOUSE,2025-02-25T19:26:57-05:00
hr818,PASS_OVER:HOUSE,2025-02-24T19:10:44-05:00
hr832,PASS_OVER:HOUSE,2025-02-24T19:03:08-05:00
hr825,PASS_OVER:HOUSE,2025-02-24T18:56:00-05:00
hr828,PASS_OVER:HOUSE,2025-02-24T17:20:05-05:00
hr754,PASS_OVER:HOUSE,2025-02-24T16:59:51-05:00
hr35,PASS_OVER:HOUSE,2025-02-13T10:47:19-05:00
hr77,PASS_OVER:HOUSE,2025-02-12T17:02:53-05:00
hr736,PASS_OVER:HOUSE,2025-02-10T18:58:32-05:00
hr692,PASS_OVER:HOUSE,2025-02-10T18:52:14-05:00
hr965,PASS_OVER:HOUSE,2025-02-10T17:41:03-05:00
hr975,PASS_OVER:HOUSE,2025-02-10T17:24:44-05:00
hr386,PASS_OVER:HOUSE,2025-02-10T16:32:33-05:00
hr224,PASS_OVER:HOUSE,2025-02-10T16:19:21-05:00
hr26,PASS_OVER:HOUSE,2025-02-07T10:59:34-05:00
hr27,PASS_OVER:HOUSE,2025-02-06T16:49:07-05:00
hr837,PASS_OVER:HOUSE,2025-02-05T13:47:49-05:00
hr836,PASS_OVER:HOUSE,2025-02-05T13:36:57-05:00
hr776,PASS_OVER:HOUSE,2025-02-04T19:08:55-05:00
hr43,PASS_OVER:HOUSE,2025-02-04T18:58:50-05:00
hr226,PASS_OVER:HOUSE,2025-02-04T16:37:32-05:00
hr42,PASS_OVER:HOUSE,2025-02-04T16:19:59-05:00
hr835,PASS_OVER:HOUSE,2025-02-04T16:12:37-05:00
hr21,PASS_OVER:HOUSE,2025-01-23T15:58:45-05:00
hr471,PASS_OVER:HOUSE,2025-01-23T15:45:53-05:00
hr375,PASS_OVER:HOUSE,2025-01-23T15:38:38-05:00
hr165,PASS_OVER:HOUSE,2025-01-22T16:58:28-05:00
hr187,PASS_OVER:HOUSE,2025-01-21T19:07:48-05:00
hr186,PASS_OVER:HOUSE,2025-01-21T19:01:23-05:00
hr204,PASS_OVER:HOUSE,2025-01-21T15:01:53-05:00
hr197,PASS_OVER:HOUSE,2025-01-21T14:49:23-05:00
hr207,PASS_OVER:HOUSE,2025-01-21T14:40:52-05:00
hr30,PASS_OVER:HOUSE,2025-01-16T11:03:33-05:00
hr33,PASS_OVER:HOUSE,2025-01-15T16:44:25-05:00
hr144,PASS_OVER:HOUSE,2025-01-15T16:37:06-05:00
hr164,PASS_OVER:HOUSE,2025-01-15T16:29:58-05:00
hr28,PASS_OVER:HOUSE,2025-01-14T14:45:54-05:00
hr153,PASS_OVER:HOUSE,2025-01-14T14:31:14-05:00
hr152,PASS_OVER:HOUSE,2025-01-13T19:03:56-05:00
hr192,PASS_OVER:HOUSE,2025-01-13T18:56:35-05:00
hr189,PASS_OVER:HOUSE,2025-01-13T17:07:44-05:00
hr29,PASS_OVER:HOUSE,2025-01-07T13:30:30-05:00
hconres1,PASS_OVER:HOUSE,2025-01-03T18:13:34-05:00
sres94,PASSED:SIMPLERES,2025-02-27
sres104,PASSED:SIMPLERES,2025-02-27
sres99,PASSED:SIMPLERES,2025-02-26
hres162,PASSED:SIMPLERES,2025-02-25T14:09:42-05:00
hres161,PASSED:SIMPLERES,2025-02-25T14:09:09-05:00
sres96,PASSED:SIMPLERES,2025-02-25
sres97,PASSED:SIMPLERES,2025-02-25
sres92,PASSED:SIMPLERES,2025-02-24
sres87,PASSED:SIMPLERES,2025-02-21
sres88,PASSED:SIMPLERES,2025-02-21
sres89,PASSED:SIMPLERES,2025-02-21
sres85,PASSED:SIMPLERES,2025-02-19
sres53,PASSED:SIMPLERES,2025-02-19
sres84,PASSED:SIMPLERES,2025-02-19
sres79,PASSED:SIMPLERES,2025-02-13
sres80,PASSED:SIMPLERES,2025-02-13
hres125,PASSED:SIMPLERES,2025-02-11T14:02:26-05:00
hres122,PASSED:SIMPLERES,2025-02-11T14:00:59-05:00
hres117,PASSED:SIMPLERES,2025-02-06T16:49:48-05:00
sres64,PASSED:SIMPLERES,2025-02-06
sres66,PASSED:SIMPLERES,2025-02-06
hres93,PASSED:SIMPLERES,2025-02-05T16:59:52-05:00
hres108,PASSED:SIMPLERES,2025-02-05T12:18:15-05:00
hres107,PASSED:SIMPLERES,2025-02-05T12:17:58-05:00
sres55,PASSED:SIMPLERES,2025-02-04
sres56,PASSED:SIMPLERES,2025-02-04
sres48,PASSED:SIMPLERES,2025-01-30
sres49,PASSED:SIMPLERES,2025-01-30
sres50,PASSED:SIMPLERES,2025-01-30
sres46,PASSED:SIMPLERES,2025-01-29
sres45,PASSED:SIMPLERES,2025-01-29
sres39,PASSED:SIMPLERES,2025-01-27
sres40,PASSED:SIMPLERES,2025-01-27
sres41,PASSED:SIMPLERES,2025-01-27
sres38,PASSED:SIMPLERES,2025-01-24
sres34,PASSED:SIMPLERES,2025-01-23
hres53,PASSED:SIMPLERES,2025-01-22T14:07:21-05:00
hres55,PASSED:SIMPLERES,2025-01-22T12:17:00-05:00
hres54,PASSED:SIMPLERES,2025-01-22T12:16:33-05:00
hres44,PASSED:SIMPLERES,2025-01-15T16:47:44-05:00
hres43,PASSED:SIMPLERES,2025-01-15T16:47:13-05:00
hres42,PASSED:SIMPLERES,2025-01-15T16:46:47-05:00
sres27,PASSED:SIMPLERES,2025-01-15
hres40,PASSED:SIMPLERES,2025-01-14T12:12:27-05:00
hres39,PASSED:SIMPLERES,2025-01-14T12:12:06-05:00
hres38,PASSED:SIMPLERES,2025-01-14T12:11:47-05:00
sres26,PASSED:SIMPLERES,2025-01-14
hres31,PASSED:SIMPLERES,2025-01-13T19:05:55-05:00
hres22,PASSED:SIMPLERES,2025-01-09T11:45:46-05:00
hres21,PASSED:SIMPLERES,2025-01-09T09:45:19-05:00
sres19,PASSED:SIMPLERES,2025-01-09
sres17,PASSED:SIMPLERES,2025-01-07
sres16,PASSED:SIMPLERES,2025-01-07
hres14,PASSED:SIMPLERES,2025-01-06T13:48:22-05:00
hres13,PASSED:SIMPLERES,2025-01-06T13:47:53-05:00
hres6,PASSED:SIMPLERES,2025-01-03T18:13:26-05:00
hres5,PASSED:SIMPLERES,2025-01-03T18:12:00-05:00
hres4,PASSED:SIMPLERES,2025-01-03T15:47:17-05:00
hres3,PASSED:SIMPLERES,2025-01-03T15:46:16-05:00
hres2,PASSED:SIMPLERES,2025-01-03T15:45:15-05:00
hres1,PASSED:SIMPLERES,2025-01-03T15:40:08-05:00
sres8,PASSED:SIMPLERES,2025-01-03
sres10,PASSED:SIMPLERES,2025-01-03
sres15,PASSED:SIMPLERES,2025-01-03
sres9,PASSED:SIMPLERES,2025-01-03
sres14,PASSED:SIMPLERES,2025-01-03
sres5,PASSED:SIMPLERES,2025-01-03
sres2,PASSED:SIMPLERES,2025-01-03
sres1,PASSED:SIMPLERES,2025-01-03
sres4,PASSED:SIMPLERES,2025-01-03
sres11,PASSED:SIMPLERES,2025-01-03
sres12,PASSED:SIMPLERES,2025-01-03
sres13,PASSED:SIMPLERES,2025-01-03
sres6,PASSED:SIMPLERES,2025-01-03
sres7,PASSED:SIMPLERES,2025-01-03
sres3,PASSED:SIMPLERES,2025-01-03
hconres11,PASSED:CONCURRENTRES,2025-02-19
sconres3,PASSED:CONCURRENTRES,2025-01-03T18:24:50-05:00
sconres2,PASSED:CONCURRENTRES,2025-01-03T18:23:17-05:00
sconres1,PASSED:CONCURRENTRES,2025-01-03T18:21:21-05:00
